0,0,0,0,0,0,0,0,0,0,0,0,0,0,0
0,0,0,0,0,0,0,0,0,0,0,0,0,0,0
0,0,0,0,0,0,0,0,0,0,0,0,0,0,0
0,0,0,0,0,0,0,0,0,0,0,0,0,0,0
0,0,0,0,0,0,0,0,0,0,0,0,0,0,0
0,0,0,0,0,0,0,0,0,0,0,0,0,0,0
0,0,0,0,0,0,0,0,0,0,0,0,0,0,0
0,0,0,0,0,0,0,0,0,0,0,0,0,0,0
0,0,0,0,0,0,0,0,0,0,0,0,0,0,0
0,0,0,0,0,0,0,0,0,0,0,0,0,0,0
0,0,0,0,0,0,0,0,0,0,0,0,0,0,0
0,0,0,0,0,0,0,0,0,0,0,0,0,0,0
0,0,0,0,0,0,0,0,0,0,0,0,0,0,0
0,0,0,0,0,0,0,0,0,0,0,0,0,0,0
0,0,0,0,0,0,0,0,0,0,0,0,0,0,0
0,0,0,0,0,0,0,0,0,0,0,0,0,0,0
0,0,0,0,0,0,0,0,0,0,0,0,0,0,0
0,0,0,0,0,0,0,0,0,0,0,0,0,0,0
0,0,0,0,0,0,0,0,0,0,0,0,0,0,0
0,0,0,0,0,0,0,0,0,0,0,0,0,0,0
0,0,0,0,0,0,0,0,0,0,0,0,0,0,0
0,0,0,0,0,0,0,0,0,0,0,0,0,0,0
0,0,0,0,0,0,0,0,0,0,0,0,0,0,0
0,0,0,0,0,0,0,0,0,0,0,0,0,0,0
0,0,0,0,0,0,0,0,0,0,0,0,0,0,0
0,0,0,0,0,0,0,0,0,0,0,0,0,0,0
0,0,0,0,0,0,0,0,0,0,0,0,0,0,0
0,0,0,0,0,0,0,0,0,0,0,0,0,0,0
0,0,0,0,0,0,0,0,0,0,0,0,0,0,0
0,0,0,0,0,0,0,0,0,0,0,0,0,0,0
0,0,0,0,0,0,0,0,0,0,0,0,0,0,0
0,0,0,0,0,0,0,0,0,0,0,0,0,0,0
0,0,0,0,0,0,0,0,0,0,0,0,0,0,0
0,0,0,0,0,0,0,0,0,0,0,0,0,0,0
0,0,0,0,0,0,0,0,0,0,0,0,0,0,0
0,0,0,0,0,0,0,0,0,0,0,0,0,0,0
0,0,0,0,0,0,0,0,0,0,0,0,0,0,0
0,0,0,0,0,0,0,0,0,0,0,0,0,0,0
0,0,0,0,0,0,0,0,0,0,0,0,0,0,0
0,0,0,0,0,0,0,0,0,0,0,0,0,0,0
0,0,0,0,0,0,0,0,0,0,0,0,0,0,0
0,0,0,0,0,0,0,0,0,0,0,0,0,0,0
0,0,0,0,0,0,0,0,0,0,0,0,0,0,0
0,0,0,0,0,0,0,0,0,0,0,0,0,0,0
0,0,0,0,0,0,0,0,0,0,0,0,0,0,0
0,0,0,0,0,0,0,0,0,0,0,0,0,0,0
0,0,0,0,0,0,0,0,0,0,0,0,0,0,0
0,0,0,0,0,0,0,0,0,0,0,0,0,0,0
0,0,0,0,0,0,0,0,0,0,0,0,0,0,0
0,0,0,0,0,253,0,0,0,0,0,0,0,0,0
0,0,0,0,0,926,0,0,0,0,0,0,0,0,0
0,0,0,0,0,840,0,0,0,0,0,0,0,0,0
0,0,353,0,0,927,0,0,0,0,0,0,0,0,0
920,589,905,612,0,1027,0,655,0,0,0,0,0,0,0
954,1043,991,903,0,1082,0,977,0,0,0,0,0,0,0
563,1005,931,585,0,962,30,466,0,0,0,0,0,0,0
487,959,871,438,0,860,1024,488,0,0,0,0,0,0,0
322,879,755,461,0,888,975,428,0,0,0,0,0,0,0
474,908,925,452,0,954,948,498,0,0,0,0,0,0,0
355,855,908,436,0,815,895,468,0,0,0,0,0,0,0
485,1018,950,500,0,923,1014,510,0,0,0,0,0,0,0
441,924,925,477,0,925,842,444,0,0,0,0,0,0,0
521,987,982,497,0,956,931,420,0,0,0,0,0,0,0
463,893,907,450,0,919,889,443,0,0,0,0,0,0,0
516,919,935,504,0,906,974,410,0,0,0,0,0,0,0
502,747,817,502,0,809,797,214,0,0,0,0,0,0,0
698,798,840,700,0,764,1099,60,0,0,0,0,0,0,0
751,968,1170,709,0,987,1006,180,0,0,0,0,0,0,0
744,873,1119,745,0,815,861,229,0,0,0,0,0,0,0
844,2011,1106,795,0,2101,1187,248,0,0,0,0,0,0,0
905,1897,1492,809,0,1401,1459,257,0,0,0,0,0,0,0
896,1116,105,782,0,1645,1073,264,0,0,0,0,0,0,0
920,997,1036,829,0,1036,1016,267,0,0,0,0,0,0,0
733,1034,1030,738,0,1080,1039,296,0,0,0,0,0,0,0
844,990,981,697,0,1008,733,251,0,0,0,0,0,0,0
764,974,989,691,0,985,687,323,0,0,0,0,0,0,0
666,859,916,549,0,971,936,292,0,0,0,0,0,0,0
693,802,866,540,0,926,672,316,0,0,0,0,0,0,0
446,719,837,493,0,1027,642,345,0,0,0,0,0,0,0
554,923,760,528,0,962,1041,317,0,0,0,0,0,0,0
545,758,922,613,0,554,671,259,0,0,0,0,0,0,0
860,554,934,597,0,800,445,201,0,0,0,0,0,0,0
571,644,969,452,0,820,407,274,0,0,0,0,0,0,0
418,775,801,418,0,918,754,203,0,0,0,0,0,0,0
508,825,762,291,0,755,934,221,0,0,0,0,0,0,0
527,729,937,563,0,1019,962,142,0,0,0,0,0,0,0
623,735,891,575,0,888,766,250,0,0,0,0,0,0,0
523,588,726,652,0,884,1041,319,0,0,0,0,0,0,0
656,643,664,540,0,947,769,282,0,0,0,0,0,0,0
645,805,525,543,0,963,655,278,0,0,0,0,0,0,0
672,785,711,491,0,970,717,316,0,0,0,0,0,0,0
648,784,594,556,0,893,702,276,0,0,0,0,0,0,0
713,846,980,703,0,1029,833,522,0,0,0,0,0,0,0
622,773,913,528,0,938,777,315,0,0,0,0,0,0,0
690,809,963,649,0,957,618,241,0,0,0,0,0,0,0
616,757,912,561,0,1012,770,305,0,0,0,0,0,0,0
723,762,876,623,0,882,725,355,0,0,0,0,0,0,0
781,677,688,684,0,901,545,447,0,0,0,0,0,0,0
878,726,664,741,0,979,586,387,0,0,0,0,0,0,0
831,767,675,721,0,837,580,392,0,0,0,0,0,0,0
689,605,585,672,0,896,602,374,0,0,0,0,0,0,0
816,809,811,750,0,914,610,401,0,0,0,0,0,0,0
639,704,751,651,0,735,472,388,0,0,0,0,0,0,0
592,790,849,723,0,729,484,493,0,0,0,0,0,0,0
565,777,697,672,0,855,497,509,0,0,0,0,0,0,0
531,773,862,690,0,922,520,513,0,0,0,0,0,0,0
689,734,722,535,0,907,507,460,0,0,0,0,0,0,0
68,813,823,746,0,955,515,538,0,0,0,0,0,0,0
610,653,816,641,0,805,465,539,0,0,0,0,0,0,0
598,826,873,675,0,826,483,624,0,0,0,0,0,0,0
684,851,840,554,0,833,459,585,0,0,0,0,0,0,0
702,872,847,730,0,973,547,698,0,0,0,0,0,0,0
704,853,673,736,0,1019,521,642,0,0,0,0,0,0,0
646,782,589,377,0,842,415,579,0,0,0,0,0,0,0
749,872,626,798,0,999,610,648,0,0,0,0,0,0,0
704,831,637,761,0,902,580,666,0,0,0,0,0,0,0
899,779,735,869,0,1041,576,575,0,0,0,0,0,0,0
737,451,741,778,0,784,630,535,0,0,0,0,0,0,0
766,642,722,805,0,518,613,510,0,0,0,0,0,0,0
818,707,664,837,0,555,690,565,0,0,0,0,0,0,0
741,755,741,662,0,538,734,538,0,0,0,0,0,0,0
810,876,927,827,0,631,750,562,0,0,0,0,0,0,0
746,768,802,714,0,612,696,515,0,0,0,0,0,0,0
728,866,905,792,0,626,624,432,0,0,0,0,0,0,0
653,608,732,697,0,585,645,506,0,0,0,0,0,0,0
661,851,834,689,0,605,687,476,0,0,0,0,0,0,0
720,768,728,757,0,690,775,498,0,0,0,0,0,0,0
719,660,821,740,0,694,729,522,0,0,0,0,0,0,0
656,631,723,738,0,678,725,486,0,0,0,0,0,0,0
622,581,707,737,0,776,781,498,0,0,0,0,0,0,0
567,671,893,739,0,788,732,486,0,0,0,0,0,0,0
750,590,719,612,0,790,668,254,0,0,0,0,0,0,0
962,608,659,707,0,781,707,543,0,0,0,0,0,0,0
706,562,699,677,0,789,708,535,0,0,0,0,0,0,0
518,497,534,573,0,697,703,286,0,0,0,0,0,0,0
704,662,611,692,0,817,698,266,0,0,0,0,0,0,0
758,811,619,711,0,809,698,720,0,0,0,0,0,0,0
828,582,584,585,0,796,692,549,0,0,0,0,0,0,0
862,647,670,762,0,612,715,512,0,0,0,0,0,0,0
734,593,637,753,0,295,702,395,0,0,0,0,0,0,0
755,595,628,754,0,49,685,474,0,0,0,0,0,0,0
792,594,630,621,0,801,721,408,0,0,0,0,0,0,0
923,692,686,682,0,818,716,423,0,0,0,0,0,0,0
861,672,661,763,0,916,633,403,0,0,0,0,0,0,0
860,668,615,648,0,898,574,347,0,0,0,0,0,0,0
917,714,399,774,0,826,647,351,0,0,0,0,0,0,0
863,677,705,693,0,794,650,408,0,0,0,0,0,0,0
799,569,524,691,0,735,634,454,0,0,0,0,0,0,0
790,627,457,697,0,774,598,448,0,0,0,0,0,0,0
815,628,497,710,0,725,559,581,0,0,0,0,0,0,0
802,397,458,616,0,716,593,642,0,0,0,0,0,0,0
844,548,472,761,0,754,560,702,0,0,0,0,0,0,0
581,451,438,513,0,704,556,715,0,0,0,0,0,0,0
798,593,515,712,0,701,505,721,0,0,0,0,0,0,0
827,646,481,734,0,720,477,721,0,0,0,0,0,0,0
309,367,488,763,0,735,478,661,0,0,0,0,0,0,0
852,490,572,556,0,700,457,675,0,0,0,0,0,0,0
765,580,532,695,0,659,494,584,0,0,0,0,0,0,0
817,620,562,755,0,688,452,476,0,0,0,0,0,0,0
825,602,486,777,0,694,473,491,0,0,0,0,0,0,0
802,610,564,813,0,685,501,550,0,0,0,0,0,0,0
765,653,571,795,0,699,496,574,0,0,0,0,0,0,0
709,659,542,732,0,676,451,602,0,0,0,0,0,0,0
742,675,530,647,0,691,556,566,0,0,0,0,0,0,0
660,651,482,675,0,617,306,568,0,0,0,0,0,0,0
740,714,476,643,0,640,509,603,0,0,0,0,0,0,0
689,739,480,700,0,640,479,600,0,0,0,0,0,0,0
697,754,513,719,0,625,483,629,0,0,0,0,0,0,0
694,776,506,714,0,588,439,705,0,0,0,0,0,0,0
631,697,472,700,0,520,398,575,0,0,0,0,0,0,0
658,756,485,448,0,536,419,563,0,0,0,0,0,0,0
706,755,524,685,0,547,473,569,0,0,0,0,0,0,0
697,734,465,717,0,484,388,402,0,0,0,0,0,0,0
725,818,455,742,0,545,450,479,0,0,0,0,0,0,0
626,734,448,779,0,519,397,517,0,0,0,0,0,0,0
628,681,466,745,0,511,399,588,0,0,0,0,0,0,0
562,622,464,616,0,475,392,562,0,0,0,0,0,0,0
643,682,477,596,0,527,384,591,0,0,0,0,0,0,0
535,625,479,564,0,494,393,568,0,0,0,0,0,0,0
706,668,478,458,0,490,289,558,0,0,0,0,0,0,0
684,677,448,452,0,464,396,534,0,0,0,0,0,0,0
808,652,499,448,0,499,398,503,0,0,0,0,0,0,0
811,665,497,480,0,501,370,511,0,0,0,0,0,0,0
748,617,466,499,0,497,367,482,0,0,0,0,0,0,0
852,714,525,369,0,515,413,593,0,0,0,0,0,0,0
841,670,494,633,0,474,398,568,402,393,0,0,0,0,0
889,732,524,650,0,518,526,580,392,401,448,0,0,0,0
853,682,507,736,0,495,508,540,381,668,436,0,0,0,0
702,674,504,706,0,473,530,515,519,573,440,0,0,0,0
833,798,438,717,0,500,542,462,554,657,501,0,0,0,0
743,723,361,785,0,526,625,467,615,657,595,0,0,0,0
715,735,364,812,0,537,621,570,746,990,809,0,0,0,0
797,748,377,827,0,515,642,584,645,1013,808,0,0,0,0
796,828,403,846,0,506,642,648,897,1003,845,0,0,0,0
766,780,367,730,0,518,645,589,726,884,787,0,0,0,0
736,735,328,678,0,460,564,433,743,859,777,0,0,0,0
746,810,458,806,0,510,710,816,739,766,748,0,0,0,0
725,776,396,746,0,480,600,555,795,921,788,0,0,0,0
651,833,387,736,0,538,572,555,813,960,651,0,0,0,0
653,706,372,687,0,509,576,562,715,830,561,0,0,0,0
597,615,364,630,0,470,526,524,757,841,603,0,0,0,0
765,747,475,724,0,508,585,573,809,795,750,0,0,0,0
738,664,450,702,0,442,647,579,713,983,826,0,0,0,0
698,682,561,692,0,564,788,692,577,1020,915,0,0,0,0
696,662,763,922,0,721,869,702,746,969,940,0,0,0,0
697,624,693,743,0,862,871,718,1007,994,885,0,0,0,0
695,593,768,834,0,994,883,728,968,968,805,0,0,0,0
667,622,779,888,0,1009,860,719,999,980,816,0,0,0,0
648,625,758,948,0,979,778,670,1004,972,771,0,0,0,0
597,599,779,849,0,976,665,528,942,976,676,0,0,0,0
609,608,745,797,0,980,636,579,990,986,771,0,0,0,0
601,629,776,831,0,1011,705,632,1002,1004,771,0,0,0,0
686,597,776,837,0,962,727,651,826,1016,737,0,0,0,0
846,628,747,680,0,1023,762,730,1008,998,750,0,0,0,0
828,598,826,878,0,999,822,696,1002,997,825,0,0,0,0
695,561,702,559,0,913,805,613,875,832,637,0,0,0,0
733,641,738,619,0,973,912,691,961,860,717,0,0,0,0
746,646,742,541,0,994,797,696,974,827,729,0,0,0,0
667,578,715,792,0,865,780,600,893,706,641,0,0,0,0
724,605,825,901,0,837,661,645,991,489,628,0,0,0,0
747,599,616,813,0,1010,794,549,989,871,615,0,0,0,0
689,598,877,609,0,1020,665,528,900,794,564,0,0,0,0
581,505,757,732,0,838,485,313,833,709,445,0,0,0,0
667,588,925,866,0,856,397,527,1000,755,559,0,0,0,0
645,615,892,863,0,832,806,503,927,721,539,0,0,0,0
673,328,884,464,0,947,819,554,953,747,530,0,0,0,0
646,862,865,879,0,947,841,621,995,767,505,0,0,0,0
679,618,754,972,0,849,821,688,977,823,507,0,0,0,0
879,793,683,1024,0,883,824,279,1001,769,508,0,0,0,0
919,823,885,883,0,623,596,688,940,818,525,0,0,0,0
910,623,930,980,0,910,696,810,842,825,525,0,0,0,0
910,755,930,970,0,870,760,800,871,41,395,0,0,0,0
902,733,930,711,0,585,707,800,772,619,625,0,0,0,0
1141,622,454,698,0,1000,750,332,664,501,531,0,0,0,0
962,0,612,692,0,1097,488,787,840,523,690,0,0,0,0
893,68,601,704,0,1028,576,555,905,509,720,0,0,0,0
870,361,916,681,0,956,562,601,926,496,728,0,0,0,0
220,865,972,627,0,911,541,517,859,636,705,0,0,0,0
486,814,366,662,0,939,709,547,955,626,647,0,0,0,0
493,785,494,664,0,876,850,524,906,635,457,0,0,0,0
473,738,482,541,0,831,758,557,864,540,552,0,0,0,0
460,754,438,570,0,894,756,556,887,543,555,0,0,0,0
486,676,482,650,0,853,696,546,856,584,585,0,0,0,0
488,826,487,625,0,865,635,519,806,504,597,0,0,0,0
462,757,486,521,0,666,537,452,831,452,572,0,0,0,0
595,802,611,525,0,773,526,411,703,479,588,0,0,0,0
590,776,594,563,0,698,492,456,569,421,549,0,0,0,0
527,779,604,559,0,699,491,458,574,411,522,0,0,0,0
263,849,682,571,0,787,524,485,691,435,601,0,0,0,0
489,847,658,459,0,740,528,505,628,660,557,0,0,0,0
412,528,650,476,0,676,494,492,797,422,522,0,0,0,0
493,636,691,457,0,723,567,454,371,428,530,0,0,0,0
580,656,610,519,0,793,593,502,349,406,512,0,0,0,0
542,672,93,556,0,715,483,491,472,637,465,0,0,0,0
686,659,642,476,0,587,467,489,624,656,416,0,0,0,0
789,669,876,1029,0,1148,483,522,615,579,407,0,0,0,0
818,550,701,758,0,1115,0,437,517,465,317,0,0,0,0
834,645,807,818,0,1288,639,515,641,560,204,0,0,0,0
779,703,870,787,0,1272,628,547,673,599,413,0,0,0,0
718,676,676,769,0,1359,602,621,660,600,649,0,0,0,0
635,736,856,589,0,1257,657,627,641,540,679,0,0,0,0
436,722,755,454,0,1059,616,589,570,479,633,759,0,881,588
520,882,866,573,0,1149,695,669,570,404,731,0,0,0,0
423,701,686,425,0,1093,666,647,1041,364,796,853,0,924,892
395,655,640,397,0,1020,622,604,972,382,318,783,0,837,743
458,333,590,340,0,926,614,581,961,771,580,733,891,812,685
554,455,628,355,0,987,639,609,991,531,655,771,0,837,683
532,614,638,380,0,950,628,600,974,653,865,745,0,816,668
536,640,702,354,0,939,635,601,911,776,797,745,944,812,656
513,652,784,351,0,940,583,597,921,788,789,698,927,798,636
506,659,760,376,0,937,581,602,924,789,789,691,953,813,642
456,642,766,358,0,929,567,614,900,808,810,701,927,826,648
384,642,763,355,0,888,524,599,847,787,791,589,859,774,528
396,599,517,424,0,849,533,594,830,791,796,653,810,748,644
394,650,731,543,0,811,550,581,797,766,772,555,727,751,597
623,873,758,559,0,780,842,688,812,890,102,392,751,983,951
705,904,769,582,0,810,841,714,777,904,822,340,743,1017,1006
752,916,162,600,0,819,817,712,746,869,820,308,824,1011,994
752,874,556,523,0,811,770,645,698,795,795,225,747,911,920
797,875,1102,530,0,801,806,715,746,828,855,305,535,976,951
738,910,1111,446,0,782,839,680,698,740,784,275,476,890,914
745,929,1052,429,0,798,871,688,684,662,744,262,457,809,982
832,969,1198,476,0,884,925,728,724,764,845,280,415,998,1075
816,843,1290,457,0,864,874,795,617,801,825,410,343,946,1027
770,853,1373,533,0,859,902,846,652,783,972,407,324,1097,1084
780,827,1355,614,0,952,813,711,671,784,909,387,309,1078,1086
795,802,1396,654,0,1024,773,795,680,896,932,462,359,1077,1101
666,763,1372,676,0,1024,506,863,605,858,663,510,415,1046,1049
684,719,1316,616,0,1030,884,823,574,720,971,524,442,1032,1006
826,736,1323,579,0,1009,480,841,595,609,1043,524,431,1024,972
810,724,1328,578,0,979,838,721,622,552,1031,523,372,994,968
748,686,1284,540,0,923,800,885,343,489,1035,536,358,957,890
683,591,1270,511,0,875,763,890,460,493,989,558,306,906,858
630,649,1263,496,0,907,769,915,288,410,1006,555,313,918,832
647,623,954,477,0,898,784,928,323,300,1034,557,376,926,809
672,693,1280,465,0,887,766,937,475,384,1168,547,336,828,803
720,662,1209,471,0,862,728,915,469,338,1250,570,321,851,757
775,761,1197,467,0,826,684,864,414,359,1219,469,310,793,706
854,856,1261,424,0,865,707,905,404,464,1171,418,347,824,698
723,874,1250,662,0,864,713,901,370,522,1078,405,389,815,713
683,835,1259,606,0,873,743,922,456,514,1028,414,383,808,738
426,926,1241,636,0,877,738,910,398,509,994,352,357,789,734
363,807,923,426,0,822,603,952,420,412,747,334,340,634,598
656,838,971,493,0,928,650,924,425,380,775,311,323,639,643
806,798,946,598,0,850,620,954,591,301,848,321,336,700,614
979,877,1028,672,0,889,663,923,671,413,839,348,391,781,669
948,882,1031,724,0,883,2221,890,681,402,816,395,433,771,679
817,799,1011,609,0,887,810,790,726,608,898,706,594,796,794
810,797,988,594,0,890,808,801,741,611,913,714,606,814,771
805,797,1010,598,0,895,415,805,735,269,912,714,599,748,792
808,797,1015,608,0,902,0,809,743,613,913,720,609,720,797
801,801,1018,606,0,904,0,807,746,617,918,721,609,807,803
792,781,988,553,0,884,391,781,817,669,900,686,592,787,783
816,810,985,604,0,902,817,812,750,614,918,683,608,816,809
823,807,1023,607,0,904,809,815,740,538,859,680,612,823,810
855,840,1062,636,0,941,836,852,775,652,815,636,634,858,839
717,875,1107,661,0,975,838,882,814,673,991,682,516,608,859
863,883,1101,664,0,971,879,883,811,673,994,749,641,884,859
859,636,1060,555,0,856,856,853,781,655,965,646,642,848,596
706,472,1004,591,0,879,803,799,732,609,898,692,596,792,785
785,764,982,591,0,856,788,776,721,627,883,687,586,774,710
810,799,1004,603,0,888,799,798,732,677,907,707,601,803,717
781,790,990,599,0,879,795,795,720,672,897,698,594,804,773
821,801,1030,615,0,900,812,812,747,688,922,621,600,819,809
804,797,697,598,0,884,792,792,729,675,903,661,599,774,787
819,807,765,614,0,891,813,813,747,689,922,705,610,795,803
811,797,782,602,0,874,799,807,740,680,909,700,597,777,800
779,766,756,2621,0,861,769,770,710,654,881,673,581,775,770
828,809,790,609,0,911,814,814,753,691,924,711,612,851,804
745,787,777,555,0,891,796,795,734,675,905,696,600,808,768
711,771,750,541,0,808,771,766,710,654,874,673,580,774,701
797,778,764,569,0,871,787,783,725,666,893,670,586,792,769
760,753,737,556,0,819,758,757,695,639,854,655,569,763,742
810,794,785,600,0,822,793,803,736,679,901,696,599,803,794
782,768,752,579,0,597,783,782,721,661,886,675,584,788,767
789,771,763,578,0,863,785,777,716,661,880,674,584,778,768
802,793,769,595,0,839,784,610,733,597,902,695,595,799,810
822,807,766,600,0,904,785,804,750,701,921,707,615,809,819
750,744,694,553,0,827,745,746,695,649,849,670,590,787,780
791,796,720,588,0,857,801,792,735,690,904,693,604,827,784
614,625,539,447,0,667,626,622,575,537,705,541,469,644,624
796,802,720,407,0,885,803,800,727,632,893,697,605,808,801
825,837,793,427,0,830,762,754,699,714,959,730,630,763,722
801,828,763,606,0,827,767,588,692,714,930,714,625,773,729
704,733,670,499,0,799,729,727,671,627,826,634,545,730,721
758,793,741,607,0,866,799,796,730,692,904,691,598,796,788
748,782,738,602,0,867,804,788,725,664,902,692,596,806,781
736,793,754,599,0,875,802,790,726,704,897,664,582,776,748
782,808,763,614,0,905,811,800,733,701,924,707,609,826,801
758,815,726,569,0,912,830,685,702,699,924,709,615,829,812
809,790,686,600,0,889,803,471,737,683,904,690,597,819,783
815,798,693,602,0,689,758,761,749,689,912,695,605,807,753
826,813,613,366,0,903,773,801,735,691,912,709,612,816,801
817,799,633,602,0,886,797,797,741,689,912,699,605,813,799
806,807,626,612,0,891,820,804,746,703,917,700,608,814,797
602,596,496,453,0,677,626,607,739,527,690,321,449,619,602
769,769,633,582,0,862,795,771,705,668,873,644,578,779,750
611,765,649,579,0,860,545,754,711,665,879,672,579,775,644
769,773,586,600,0,856,802,769,711,661,873,678,584,759,735
787,389,599,472,0,890,774,795,748,688,909,613,591,791,771
771,0,618,575,0,918,696,812,748,693,857,663,583,837,791
780,0,583,531,0,942,716,792,754,685,852,633,596,892,764
903,169,536,590,0,945,839,811,797,190,710,668,675,947,780
837,798,490,591,0,827,831,685,778,575,875,690,633,922,698
815,788,488,636,0,898,805,821,856,584,902,687,620,892,730
772,796,487,590,0,858,862,828,780,595,861,696,579,843,731
549,677,554,481,0,923,797,657,833,593,794,576,518,758,696
930,817,590,708,0,985,847,987,914,593,865,676,628,986,798
934,784,475,772,0,960,759,948,875,653,798,717,812,990,816
856,753,430,688,0,937,801,918,837,652,762,699,789,976,833
819,691,415,666,0,905,808,865,797,651,741,704,743,918,808
836,740,478,559,0,913,772,858,832,663,740,674,667,846,699
841,775,414,778,0,884,841,938,862,662,750,683,756,936,911
810,764,585,698,0,861,848,894,821,666,1021,678,682,878,929
813,720,992,639,0,822,836,853,777,665,997,704,665,862,921
779,674,1029,565,0,801,849,884,733,663,988,707,599,805,927
798,608,1035,606,0,778,853,865,763,632,964,714,588,775,886
797,635,1089,594,0,798,852,847,838,674,976,715,583,834,882
774,615,1136,623,0,776,849,833,800,666,965,726,580,830,853
783,644,1179,599,0,785,867,816,764,664,970,722,601,825,842
828,614,1181,592,0,755,904,827,773,679,928,720,583,821,823
808,603,1169,592,0,899,930,855,785,673,940,716,578,802,802
795,654,1206,583,0,992,921,754,684,680,935,711,578,792,798
841,724,1194,572,0,983,904,732,781,700,984,675,620,818,859
792,693,1047,556,0,981,892,640,747,647,1087,710,595,757,920
762,646,1031,534,0,908,845,677,744,642,1090,707,559,658,885
539,657,1027,532,0,771,637,703,741,641,1082,513,561,680,732
400,647,887,541,0,756,623,637,747,617,1075,402,590,691,743
393,640,1034,520,0,767,632,644,755,600,1051,411,584,692,763
397,650,1007,507,0,764,673,650,771,629,1046,409,577,701,748
399,650,1005,498,0,749,685,654,786,648,1036,395,672,781,745
398,643,1004,504,0,765,657,650,786,654,1042,403,660,790,737
399,652,1004,497,0,765,684,647,760,638,1023,409,650,742,725
398,649,1005,500,0,773,674,643,688,632,1013,408,605,770,726
401,652,1000,536,0,767,731,637,721,641,996,404,580,790,737
402,652,990,552,0,745,629,648,878,641,1032,410,519,811,745
450,641,710,534,0,756,702,657,862,638,1037,408,599,816,746
491,639,234,570,0,736,664,708,890,660,1035,401,779,825,722
468,644,945,538,0,699,738,790,958,654,1026,402,715,823,777
482,668,1026,571,0,709,755,690,1013,674,1060,408,697,844,790
457,638,1002,543,0,683,688,659,941,683,1034,409,664,823,768
506,634,1012,501,0,676,674,658,978,747,1060,404,661,828,740
491,814,1001,516,0,688,682,656,934,723,1030,432,633,809,749
505,886,1017,525,0,708,685,659,900,703,1019,498,655,787,759
501,805,1026,488,0,699,674,665,938,696,998,543,618,817,745
539,880,1026,590,0,726,667,662,915,668,946,521,582,788,716
550,930,1021,614,0,695,663,647,905,640,980,509,591,782,721
673,913,1020,603,0,708,663,650,1092,615,988,413,591,760,677
723,899,1014,570,0,826,661,641,879,576,977,515,703,701,684
728,939,1027,503,0,831,669,640,1146,539,951,433,592,655,668
762,927,1025,528,0,783,612,586,933,539,780,432,571,613,646
844,977,1019,717,0,764,672,647,1060,588,1135,385,171,593,709
635,973,1021,711,0,738,666,626,1108,634,1233,492,688,608,711
682,923,1025,759,0,723,669,649,1202,629,1197,437,693,547,704
856,794,1010,735,0,715,669,711,1186,607,1182,524,704,627,720
728,703,1026,696,0,692,671,693,1290,595,1203,581,709,574,630
0,665,1027,746,0,694,681,697,1314,448,417,688,702,529,643
0,935,1025,347,0,876,664,579,1253,393,438,455,683,536,251
0,946,992,910,0,968,668,1035,1204,833,601,575,649,679,157
0,785,892,1017,1127,815,590,1034,876,797,821,763,629,1083,565
0,613,911,983,205,324,564,1202,1127,803,1141,941,614,985,897
107,751,911,926,1075,592,660,1256,1159,793,1311,911,598,1074,856
1065,645,1093,1143,1079,623,652,1382,1409,836,1186,952,600,1188,902
1194,643,1104,986,1044,595,648,1369,1422,775,1274,796,592,1136,911
1123,956,1089,989,1030,588,648,1362,1115,965,1335,632,450,855,839
1019,960,1104,1100,1059,576,654,1337,1176,956,1346,655,606,852,1079
924,865,987,1052,929,650,635,1224,926,819,1210,716,529,1084,948
1023,957,1093,1165,1028,720,703,1355,1026,907,1339,793,585,1200,1050
1174,1176,1242,1498,1015,823,701,1367,1212,933,1340,1256,700,1195,1017
1181,1176,1232,1465,1002,784,821,1409,880,1005,1322,1256,860,1192,1044
1180,1142,1234,1368,1069,768,1010,1466,997,1039,1293,1231,836,1191,1064
1193,1177,1415,1686,1088,635,990,1457,894,1069,1320,1258,811,1194,1105
1258,1226,1465,2018,1040,953,981,1429,896,1039,1312,1306,830,1189,1425
1238,1178,1450,1176,1007,1002,984,1433,893,973,1288,1311,885,1206,1356
1592,1139,1400,1312,1119,1016,980,1429,813,1188,1287,1292,890,1261,1338
1519,1023,1282,2057,1326,1087,1256,1874,1415,1294,1298,1490,1165,999,1389
1747,973,1369,2164,1336,1063,1305,1747,1377,1247,1281,1353,1055,937,1328
1629,937,1301,1684,888,1011,1297,1730,1406,1474,1684,1262,1032,3024,1470
1718,1144,1242,1944,1215,1068,1126,1731,1556,1619,1814,1270,981,1261,1467
1597,1155,1328,2191,1204,1153,1134,1749,1666,1685,1877,1179,921,1009,1402
1408,1111,1330,1938,1203,1202,1122,1760,1787,1678,1878,1146,929,1231,1392
251,191,167,374,212,200,189,0,300,219,249,198,151,189,237
1448,1092,1281,1633,1208,1205,1143,904,1407,1634,1771,1342,841,1069,1368
1772,1060,1323,1839,1251,1205,1128,1744,1694,1669,1748,1016,830,1019,1241
2161,1069,1279,2250,1236,1155,1119,1742,1671,1688,1848,1592,1164,991,1264
2473,1049,1116,2243,1217,1194,1113,1739,1613,1643,1739,1745,1535,998,1272
1742,1029,1418,1707,874,840,1106,1894,725,1711,1821,1370,1016,754,1247
1502,1208,1379,1708,1223,1199,1124,1887,1551,1656,1795,1304,1016,984,1173
1863,1157,1307,2291,1269,1204,1126,1762,1838,1523,1843,1396,1015,936,1166
1876,1096,1212,2353,1280,1216,1130,1886,1861,1754,1883,1409,1019,1091,1203
1875,1164,1349,2350,1294,1230,1159,1935,1877,1822,1850,1406,989,1214,1299
1767,1176,1430,2311,1313,1246,1172,1828,2048,1717,1724,1349,1063,1275,1274
1871,1176,1507,1712,1311,1252,1164,1808,1674,1718,1781,1376,1057,1366,1367
1871,1191,1529,2282,1320,1269,1171,1811,1578,1370,1710,1413,1081,1417,1347
1830,951,1415,2273,1228,1264,1105,1708,1786,1207,1607,1352,1029,1422,1361
1856,1195,1505,2143,1237,1244,1121,1676,1817,1383,1544,1442,1139,1399,1335
1856,1194,1503,2125,1293,1260,1088,1704,1826,1359,1573,490,620,1428,1332
1835,1185,1494,2171,1301,1255,1034,1652,1858,1403,1546,1089,340,1365,1305
1264,1154,1471,2283,1280,1208,1069,1656,1876,1360,1478,1060,220,673,693
871,1195,1486,1811,1289,1266,1132,1745,1885,1410,1488,1105,207,655,509
866,1202,1525,645,1100,1228,1132,1879,1786,1416,1506,1098,243,653,504
799,1075,1539,799,1333,1249,1118,1126,1774,1425,1505,1106,231,667,510
780,1085,1432,810,1331,1249,1182,1677,1741,1425,1815,1104,210,685,504
781,1000,1477,799,1336,1246,1161,1663,1724,1422,1597,1107,207,666,616
778,995,1444,806,1334,1246,1180,1319,1708,1373,1603,1102,173,640,153
777,997,1337,815,1331,1233,1169,1390,1692,1416,1592,1106,198,618,287
708,994,1363,806,1327,1223,1178,1414,1684,1409,1565,1099,240,594,355
717,984,1281,826,1325,1225,1158,1411,1716,1398,1552,1096,281,556,342
771,987,1181,866,1319,1221,1134,1410,1733,1410,1576,1097,370,555,351
754,971,664,920,1284,1200,1181,1411,1563,1405,1573,1088,398,631,371
751,991,0,921,1322,1197,1178,1407,1555,1405,1554,1100,422,593,365
22,30,0,28,40,36,36,42,52,42,47,33,14,18,11
1056,1445,979,1377,1934,1749,1719,2014,2531,2056,2266,1605,624,853,535
1039,1476,1450,1436,1985,1791,1768,2126,2530,2112,2373,1640,613,831,525
1047,1454,1298,1371,1952,1773,1690,2076,2473,2077,2334,1606,559,781,517
1045,1478,1410,1503,1863,1803,1692,2092,2464,2115,2355,1633,656,802,517
1030,1515,1557,1654,2028,1837,1756,1055,2467,2168,2397,1682,789,934,548
1015,1477,1485,1516,1994,1819,1755,0,2392,2136,2415,1642,787,981,600
1031,1474,1500,1468,1909,1794,1735,884,2368,2108,2380,1643,705,1061,593
1053,1085,1403,1371,1745,1667,1578,1743,2250,1938,2118,1508,585,989,526
1200,1460,1498,1423,1800,1790,1557,2003,2551,2084,2297,1603,562,1032,713
1238,1450,1509,1329,1846,1779,1462,2027,2521,2013,2237,1617,624,1024,665
1415,1374,1521,1429,2028,1841,1824,2153,2691,2034,2308,1686,660,1021,655
1255,1480,1636,1366,1979,1765,1762,2077,2609,2056,2274,1638,742,1098,694
1348,1484,1611,1346,1990,1737,1763,2035,2568,2062,2105,1645,734,1102,663
1194,1355,1418,1217,1798,1611,1627,1969,2336,1841,1940,1498,617,923,566
1139,1377,1432,1203,1832,1346,1642,1643,2460,1939,1982,1514,581,868,621
1051,1354,1308,1236,1796,1286,1465,1967,2336,1874,1899,1423,621,1031,606
1065,1402,1311,1376,1782,1718,1675,2014,2213,1938,1957,1516,640,901,671
946,1284,1223,1258,1541,1513,804,681,2066,1660,1770,1357,628,678,266
935,1306,1065,468,972,715,970,1933,1934,1746,94,1348,711,32,624
766,1016,92,0,435,1668,1190,1968,7,2032,1192,1633,175,1707,815
438,1175,0,0,12,711,0,0,0,1532,2094,1713,0,0,0
21,506,388,420,587,548,450,608,630,283,517,463,233,96,261
145,1253,1258,1355,1926,1915,652,2124,2567,317,2060,1580,816,131,911
180,1416,1298,1523,1563,1766,599,2011,2561,318,1905,1462,803,181,69
225,1269,1614,1303,1559,1620,1386,1812,2167,291,1795,1158,669,210,0
274,1365,1744,1253,1655,1705,935,1918,2338,0,1955,1414,757,281,0
399,1482,1708,1129,1536,1367,2643,1628,1837,0,1887,1319,504,321,400
342,1426,1866,1307,1809,1629,2779,2003,2396,0,1875,1525,858,307,924
294,1320,1707,1208,1674,1516,1948,1817,2138,0,1705,1389,747,273,857
334,897,1107,804,1103,1048,1074,1234,1368,44,1146,817,590,319,545
540,1004,1146,713,1124,1333,1361,1448,1188,534,1203,954,580,516,513
615,1111,1336,939,1237,1466,1711,1648,1424,774,1289,1056,741,858,636
267,1165,1444,929,820,1518,1775,1682,1498,799,1412,1075,165,918,158
0,1125,1363,844,0,1454,1709,1475,1343,765,1279,1031,0,895,0
0,1222,1452,809,0,1496,1901,1446,478,805,1462,1089,0,951,0
0,1043,1236,647,0,1283,1052,1381,598,690,1289,866,0,845,0
0,952,1124,596,0,1302,1485,138,2729,789,674,0,0,126,0
0,785,1111,652,0,1399,1450,0,0,0,0,0,0,0,0
0,566,761,817,0,1422,1452,0,0,0,0,0,0,0,0
0,290,285,698,0,1260,1356,0,0,0,0,0,0,0,0
0,35,851,293,0,944,1259,0,0,0,0,0,0,0,0
0,0,543,0,0,0,1606,0,0,0,0,0,0,0,0
0,0,0,0,0,0,188,0,0,0,0,0,0,0,0
0,0,0,0,0,0,0,0,0,0,0,0,0,0,0
0,0,0,0,0,0,0,0,0,0,0,0,0,0,0
0,0,0,0,0,0,0,0,0,0,0,0,0,0,0
0,0,0,0,0,0,0,0,0,0,0,0,0,0,0
0,0,0,0,0,0,0,0,0,0,0,0,0,0,0
0,0,0,0,0,0,0,0,0,0,0,0,0,0,0
0,0,0,0,0,0,0,0,0,0,0,0,0,0,0
0,0,0,0,0,0,0,0,0,0,0,0,0,0,0
0,0,0,0,0,0,0,0,0,0,0,0,0,0,0
0,0,0,0,0,0,0,0,0,0,0,0,0,0,0
0,0,0,0,0,0,0,0,0,0,0,0,0,0,0
0,0,0,0,0,0,0,0,0,0,0,0,0,0,0
0,0,0,0,0,0,0,0,0,0,0,0,0,0,0
0,0,0,0,0,0,0,0,0,0,0,0,0,0,0
0,0,0,0,0,0,0,0,0,0,0,0,0,0,0
0,0,0,0,0,0,0,0,0,0,0,0,0,0,0
0,0,0,0,0,0,0,0,0,0,0,0,0,0,0
0,0,0,0,0,0,0,0,0,0,0,0,0,0,0
0,0,0,0,0,0,0,0,0,0,0,0,0,0,0
0,0,0,0,0,0,0,0,0,0,0,0,0,0,0
0,0,0,0,0,0,0,0,0,0,0,0,0,0,0
253,0,0,0,438,431,0,145,0,0,0,0,0,563,242
560,0,0,0,932,1033,429,945,0,0,0,0,0,709,287
568,0,0,0,947,1051,710,949,420,0,0,267,250,715,197
538,0,0,0,742,997,684,690,1179,0,0,689,632,719,723
585,0,281,0,970,1056,724,975,1146,0,1056,673,555,738,739
557,0,898,0,934,1041,715,945,1118,0,975,629,696,716,711
394,0,331,0,325,928,643,860,453,0,844,613,637,643,640
282,0,679,928,719,856,661,824,0,0,695,594,553,566,587
566,0,864,1149,946,1033,783,884,0,0,926,758,734,721,662
616,0,870,773,930,1122,821,757,0,0,794,721,617,705,705
604,0,848,262,1016,1124,868,1037,0,0,949,785,769,731,773
580,0,799,1282,1001,1106,837,1007,0,0,434,709,715,727,740
543,0,795,1283,951,1039,786,954,0,0,110,676,689,665,689
548,0,736,1217,919,1018,787,886,0,0,471,690,695,694,713
640,0,854,1238,887,1196,898,937,0,0,880,214,216,234,770
542,0,769,1031,975,1088,898,847,662,0,825,731,775,690,778
630,0,855,1201,634,1164,892,969,473,0,846,788,792,219,805
663,0,924,1456,0,1228,751,1051,0,0,485,825,827,207,846
659,0,946,1352,0,1214,883,1033,0,0,0,807,832,238,813
632,0,924,1173,851,1174,888,1016,631,0,0,795,799,242,820
641,0,894,1088,992,1200,541,1000,602,1,744,809,808,244,804
559,0,88,1165,1012,118,415,1024,0,244,0,833,839,169,825
559,0,0,1476,1026,0,690,1045,0,306,0,759,232,183,782
650,0,0,1477,1043,0,594,1092,0,374,447,847,63,216,864
536,0,0,1292,1012,0,602,996,0,397,886,831,0,555,840
410,0,155,1341,959,0,604,999,0,383,841,785,537,802,781
430,0,0,1342,983,0,608,1048,0,378,172,805,816,808,821
411,0,0,1341,985,0,607,1089,0,370,0,803,796,802,824
380,0,505,1320,948,0,598,1071,0,356,0,787,786,787,810
482,0,124,1104,876,0,578,1016,0,347,7,738,765,774,584
470,0,0,2166,851,0,526,1004,0,340,65,686,658,730,494
605,0,0,1509,836,0,3296,908,0,332,128,685,0,728,1401
607,0,0,1613,849,0,851,934,0,348,131,710,46,720,779
589,0,0,1579,713,0,956,932,0,357,134,742,123,745,779
564,1578,0,1239,672,0,946,891,0,336,275,792,704,763,721
442,826,0,866,395,0,642,604,0,201,207,584,92,371,466
471,468,0,983,446,0,572,643,0,242,208,637,13,463,561
460,351,0,925,283,0,592,746,0,146,174,603,309,398,872
578,421,0,1068,0,0,226,243,0,264,199,718,821,154,189
705,177,0,1259,0,0,716,1051,0,5,662,672,902,199,873
687,0,0,1031,0,0,819,832,0,0,402,26,825,227,830
73,0,0,1031,0,0,809,946,0,0,203,77,800,172,847
67,0,0,1109,0,0,721,922,0,0,125,51,749,157,795
66,0,0,1099,0,0,741,864,0,0,18,600,737,171,817
92,0,0,1154,0,0,791,940,0,0,206,685,781,150,858
0,10,0,706,42,136,810,930,0,267,86,745,144,146,926
0,0,0,241,0,159,685,778,0,0,0,142,0,399,681
0,196,0,107,416,214,893,931,0,0,0,23,0,978,986
1631,153,21,12,370,118,838,904,0,0,0,221,0,775,946
767,182,931,86,381,352,906,949,0,247,0,773,0,787,1040
0,160,0,0,318,675,705,824,0,385,0,701,0,716,908
0,152,327,613,319,652,684,669,0,383,6,695,0,711,862
0,150,412,1230,326,618,723,761,0,396,0,742,0,740,742
0,147,400,1204,339,680,709,846,0,130,0,728,0,729,745
0,483,0,1187,74,379,696,839,0,0,0,713,0,155,728
0,472,25,1152,0,0,645,734,0,0,0,702,0,0,720
0,470,224,1180,437,0,685,874,0,0,0,703,0,0,721
0,459,40,1137,594,0,1336,837,0,0,0,684,0,0,703
22,448,1,1149,585,417,655,837,167,238,177,674,462,377,710
0,433,0,1080,563,689,633,800,750,345,415,617,836,642,1089
218,361,0,1026,539,558,606,746,758,328,500,587,811,672,1634
791,345,0,1068,563,545,628,752,808,343,528,645,828,703,1693
775,366,0,986,552,546,617,724,793,338,584,624,828,643,684
824,559,0,785,561,790,622,752,895,533,417,671,805,610,201
920,554,0,604,582,875,661,674,885,649,513,674,2,652,213
1011,551,0,610,432,897,634,527,974,563,579,735,19,704,226
1019,586,479,605,399,900,620,497,0,605,545,751,1507,702,224
1050,607,551,554,394,944,646,494,470,618,592,743,2635,560,233
1084,528,604,539,394,1006,1371,448,749,494,0,715,915,252,226
862,310,474,530,325,919,1060,692,684,512,0,689,717,171,193
904,214,490,773,313,905,557,754,658,473,0,813,700,405,197
840,488,489,744,347,833,543,736,648,511,0,728,710,322,204
798,534,471,730,437,702,529,444,633,647,0,649,703,318,188
800,524,476,705,330,875,544,409,620,697,0,624,687,614,198
825,501,402,704,471,898,540,625,591,711,0,629,682,663,203
805,512,421,632,466,886,525,512,614,640,0,621,706,701,199
752,443,292,590,375,816,508,468,595,588,0,563,651,646,314
802,415,334,601,286,841,549,0,513,587,0,620,681,659,521
491,545,490,727,532,936,620,0,727,721,0,364,731,693,546
539,394,347,641,493,496,649,411,50,738,0,0,723,495,584
13,0,135,711,527,986,659,436,0,861,0,43,640,106,634
94,0,134,563,487,920,613,523,0,805,0,515,752,91,605
203,155,186,425,422,756,504,501,0,735,0,617,769,417,559
222,530,412,591,535,759,601,478,0,819,0,713,784,660,606
399,551,289,686,448,754,592,637,0,714,0,647,699,638,562
754,422,113,659,390,667,519,725,0,825,0,601,691,653,550
810,416,94,689,419,666,447,771,0,749,0,637,727,718,525
773,353,212,403,343,617,372,733,0,549,0,614,698,684,596
774,410,265,656,302,665,385,740,86,8,0,603,692,689,563
778,300,249,650,260,636,529,690,397,0,0,583,659,623,533
852,400,471,686,301,393,422,746,565,0,0,632,717,647,566
726,358,188,616,299,765,438,598,349,144,0,501,525,442,488
869,247,0,152,325,578,601,765,504,231,0,629,166,464,589
375,38,0,0,50,636,566,770,541,360,0,50,0,746,572
204,0,0,0,0,629,556,764,521,500,0,0,0,635,552
0,0,0,0,0,600,425,789,501,551,0,0,0,0,518
649,147,150,0,20,425,447,769,453,595,0,14,0,226,516
285,9,8,0,0,493,507,204,441,538,0,1,0,13,140
500,0,0,614,0,682,593,0,471,674,0,0,626,0,0
216,0,0,565,0,325,583,0,450,561,0,0,87,0,0
173,0,0,606,0,53,634,0,249,365,0,0,0,0,0
386,0,311,227,0,579,594,0,0,0,0,0,0,0,0
204,0,318,23,0,753,689,0,0,0,0,0,0,0,0
156,0,278,6,0,55,645,0,0,0,0,0,0,0,0
151,0,0,0,0,677,1041,0,0,0,0,0,0,0,0
169,0,24,0,0,0,0,0,0,0,0,0,0,0,0
175,0,9,0,0,0,0,0,0,0,0,0,0,0,0
157,0,0,0,0,0,0,0,0,0,0,0,0,0,0
160,0,1,0,0,0,0,0,0,0,0,0,0,0,0
176,0,1,0,0,54,685,0,0,0,0,0,0,0,0
217,0,1,0,0,2,980,0,0,1,0,0,0,0,0
258,0,5,0,0,0,1099,0,0,0,0,0,0,0,0
224,0,2,0,0,0,926,0,0,0,0,0,0,0,0
264,0,1,0,0,0,661,0,0,3,0,0,0,0,0
254,0,2,0,0,0,0,0,0,1,0,0,0,0,0
254,56,0,0,0,2,0,0,0,0,0,0,0,0,0
286,426,8,0,0,4,0,0,1,2,0,0,0,0,0
340,610,11,0,250,46,0,0,0,59,0,0,0,0,0
300,530,0,0,533,48,8081,199,42,0,0,0,0,0,0
247,501,45,0,475,15,4146,211,232,1,0,0,0,0,0
276,382,0,0,227,3,877,236,505,0,0,0,0,0,0
0,0,0,0,26,5,1463,215,610,2,0,0,0,0,0
0,0,0,0,471,0,637,240,563,5,0,0,0,0,0
0,0,0,0,460,148,887,271,306,454,0,0,0,0,0
876,595,0,0,333,3,969,220,161,192,0,0,0,0,0
1396,520,0,0,323,0,829,109,451,0,0,0,0,0,0
163,414,0,0,203,0,793,620,542,0,0,0,0,0,0
0,0,0,0,41,0,647,575,105,0,0,0,0,0,0
0,0,0,0,0,0,649,697,0,0,0,0,0,0,0
0,0,0,0,0,0,750,844,0,0,0,0,0,0,0
0,0,0,0,0,0,752,808,0,0,0,0,0,0,0
0,0,0,0,0,0,744,996,0,0,0,0,1103,0,0
0,0,0,0,0,0,795,587,0,0,0,0,730,0,0
152,0,331,0,0,0,732,377,0,0,0,328,974,0,0
172,560,549,0,0,0,914,327,0,0,0,595,813,0,0
0,637,638,0,0,0,1065,311,0,0,0,684,942,0,0
0,550,547,0,0,0,921,484,0,0,0,593,808,0,0
141,456,477,0,0,0,802,135,0,0,0,507,706,0,0
552,466,0,0,0,0,846,147,0,0,0,549,0,0,0
53,399,0,0,0,0,284,183,0,0,0,404,0,0,0
268,608,559,0,0,0,149,3,0,0,0,635,1115,0,0
431,428,621,129,0,0,0,0,0,0,0,668,957,0,0
548,0,575,288,0,0,0,0,0,0,0,703,750,0,0
444,0,563,261,0,0,0,0,0,0,0,637,756,0,0
234,0,483,236,0,0,0,0,0,0,0,608,695,0,0
139,0,460,291,0,0,0,0,0,0,0,579,679,0,0
139,0,277,186,0,0,0,0,0,0,0,373,416,0,0
0,0,0,0,0,0,0,0,0,0,0,0,0,19,44
23,0,0,0,290,0,0,0,0,0,0,2,0,0,0
0,0,0,0,0,0,0,0,0,0,0,0,0,0,0
