40,15,25,57,0,0,0,0,0,0,0,0,0,0,0,0,0,0,0,0,0,0,0,0,0,0,0,0,0,0,0,0,0
37,14,23,53,0,0,0,0,0,0,0,0,0,0,0,0,0,0,0,0,0,0,0,0,0,0,0,0,0,0,0,0,0
39,14,24,54,0,0,0,0,0,0,0,0,0,0,0,0,0,0,0,0,0,0,0,0,0,0,0,0,0,0,0,0,0
25,14,28,44,0,0,0,0,0,0,0,0,0,0,0,0,0,0,0,0,0,0,0,0,0,0,0,0,0,0,0,0,0
26,14,29,44,0,0,0,0,0,0,0,0,0,0,0,0,0,0,0,0,0,0,0,0,0,0,0,0,0,0,0,0,0
29,14,27,59,0,0,0,0,0,0,0,0,0,0,0,0,0,0,0,0,0,0,0,0,0,0,0,0,0,0,0,0,0
29,14,42,60,0,0,0,0,0,0,0,0,0,0,0,0,0,0,0,0,0,0,0,0,0,0,0,0,0,0,0,0,0
0,18,38,55,0,0,0,0,0,0,0,0,0,0,0,0,0,0,0,0,0,0,0,0,0,0,0,0,0,0,0,0,0
0,18,24,55,0,0,0,0,0,0,0,0,0,0,0,0,0,0,0,0,0,0,0,0,0,0,0,0,0,0,0,0,0
0,18,24,58,0,0,0,0,0,0,0,0,0,0,0,0,0,0,0,0,0,0,0,0,0,0,0,0,0,0,0,0,0
0,17,24,59,0,0,0,0,0,0,0,0,0,0,0,0,0,0,0,0,0,0,0,0,0,0,0,0,0,0,0,0,0
0,17,24,57,0,0,0,0,0,0,0,0,0,0,0,0,0,0,0,0,0,0,0,0,0,0,0,0,0,0,0,0,0
0,18,36,58,0,0,0,0,0,0,0,0,0,0,0,0,0,0,0,0,0,0,0,0,0,0,0,0,0,0,0,0,0
0,25,35,55,0,0,0,0,0,0,0,0,0,0,0,0,0,0,0,0,0,0,0,0,0,0,0,0,0,0,0,0,0
0,24,22,53,0,0,0,0,0,0,0,0,0,0,0,0,0,0,0,0,0,0,0,0,0,0,0,0,0,0,0,0,0
0,14,23,56,0,0,0,0,0,0,0,0,0,0,0,0,0,0,0,0,0,0,0,0,0,0,0,0,0,0,0,0,0
0,0,31,60,0,0,0,0,0,0,0,0,0,0,0,0,0,0,0,0,0,0,0,0,0,0,0,0,0,0,0,0,0
0,0,29,58,0,0,0,0,0,0,0,0,0,0,0,0,0,0,0,0,0,0,0,0,0,0,0,0,0,0,0,0,0
0,0,30,60,0,0,0,0,0,0,0,0,0,0,0,0,0,0,0,0,0,0,0,0,0,0,0,0,0,0,0,0,0
48,25,17,49,0,0,0,0,0,0,0,0,0,0,0,0,0,0,0,0,0,0,0,0,0,0,0,0,0,0,0,0,0
47,24,17,48,0,0,0,0,0,0,0,0,0,0,0,0,0,0,0,0,0,0,0,0,0,0,0,0,0,0,0,0,0
48,25,18,30,0,0,0,0,0,0,0,0,0,0,0,0,0,0,0,0,0,0,0,0,0,0,0,0,0,0,0,0,0
47,24,17,29,0,0,0,0,0,0,0,0,0,0,0,0,0,0,0,0,0,0,0,0,0,0,0,0,0,0,0,0,0
52,21,0,53,0,0,0,0,0,0,0,0,0,0,0,0,0,0,0,0,0,0,0,0,0,0,0,0,0,0,0,0,0
44,20,0,36,0,0,0,0,0,0,0,0,0,0,0,0,0,0,0,0,0,0,0,0,0,0,0,0,0,0,0,0,0
39,4,3,18,0,0,0,0,0,0,0,0,0,0,0,0,0,0,0,0,0,0,0,0,0,0,0,0,0,0,0,0,0
4,2,9,51,0,0,0,0,0,0,0,0,0,0,0,0,0,0,0,0,0,0,0,0,0,0,0,0,0,0,0,0,0
6,3,16,50,0,0,0,0,0,0,0,0,0,0,0,0,0,0,0,0,0,0,0,0,0,0,0,0,0,0,0,0,0
52,22,12,48,0,0,0,0,0,0,0,0,0,0,0,0,0,0,0,0,0,0,0,0,0,0,0,0,0,0,0,0,0
69,26,33,51,0,0,0,0,0,0,0,0,0,0,0,0,0,0,0,0,0,0,0,0,0,0,0,0,0,0,0,0,0
37,31,38,42,0,0,0,0,0,0,0,0,0,0,0,0,0,0,0,0,0,0,0,0,0,0,0,0,0,0,0,0,0
36,26,43,49,0,0,0,0,0,0,0,0,0,0,0,0,0,0,0,0,0,0,0,0,0,0,0,0,0,0,0,0,0
63,28,56,43,0,0,0,0,0,0,0,0,0,0,0,0,0,0,0,0,0,0,0,0,0,0,0,0,0,0,0,0,0
56,25,28,37,0,0,0,0,0,0,0,0,0,0,0,0,0,0,0,0,0,0,0,0,0,0,0,0,0,0,0,0,0
44,0,32,31,0,0,0,0,0,0,0,0,0,0,0,0,0,0,0,0,0,0,0,0,0,0,0,0,0,0,0,0,0
20,0,29,18,0,0,0,0,0,0,0,0,0,0,0,0,0,0,0,0,0,0,0,0,0,0,0,0,0,0,0,0,0
226,0,30,64,0,0,0,0,0,0,0,0,0,0,0,0,0,0,0,0,0,0,0,0,0,0,0,0,0,0,0,0,0
201,188,29,70,0,0,0,0,0,0,0,0,0,0,0,0,0,0,0,0,0,0,0,0,0,0,0,0,0,0,0,0,0
110,114,37,84,0,0,0,0,0,0,0,0,0,0,0,0,0,0,0,0,0,0,0,0,0,0,0,0,0,0,0,0,0
96,61,40,82,0,0,0,0,0,0,0,0,0,0,0,0,0,0,0,0,0,0,0,0,0,0,0,0,0,0,0,0,0
0,114,42,72,0,0,0,0,0,0,0,0,0,0,0,0,0,0,0,0,0,0,0,0,0,0,0,0,0,0,0,0,0
0,123,52,97,0,0,0,0,0,0,0,0,0,0,0,0,0,0,0,0,0,0,0,0,0,0,0,0,0,0,0,0,0
99,61,28,116,0,0,0,0,0,0,0,0,0,0,0,0,0,0,0,0,0,0,0,0,0,0,0,0,0,0,0,0,0
88,64,35,97,0,0,0,0,0,0,0,0,0,0,0,0,0,0,0,0,0,0,0,0,0,0,0,0,0,0,0,0,0
95,39,36,98,0,0,0,0,0,0,0,0,0,0,0,0,0,0,0,0,0,0,0,0,0,0,0,0,0,0,0,0,0
68,49,36,104,0,0,0,0,0,0,0,0,0,0,0,0,0,0,0,0,0,0,0,0,0,0,0,0,0,0,0,0,0
96,48,25,93,0,0,0,0,0,0,0,0,0,0,0,0,0,0,0,0,0,0,0,0,0,0,0,0,0,0,0,0,0
93,41,55,112,0,0,0,0,0,0,0,0,0,0,0,0,0,0,0,0,0,0,0,0,0,0,0,0,0,0,0,0,0
78,44,57,87,0,0,0,0,0,0,0,0,0,0,0,0,0,0,0,0,0,0,0,0,0,0,0,0,0,0,0,0,0
94,48,60,84,0,0,0,0,0,0,0,0,0,0,0,0,0,0,0,0,0,0,0,0,0,0,0,0,0,0,0,0,0
137,70,68,124,0,0,0,0,0,0,0,0,0,0,0,0,0,0,0,0,0,0,0,0,0,0,0,0,0,0,0,0,0
148,236,70,218,0,0,0,0,0,0,0,0,0,0,0,0,0,0,0,0,0,0,0,0,0,0,0,0,0,0,0,0,0
143,300,106,253,0,0,0,0,0,0,0,0,0,0,0,0,0,0,0,0,0,0,0,0,0,0,0,0,0,0,0,0,0
69,112,43,106,61,102,0,59,37,49,22,35,17,21,0,0,0,0,0,0,0,0,0,0,0,0,0,0,0,0,0,0,0
71,114,57,110,28,96,0,70,72,76,0,33,63,17,0,0,0,0,0,0,0,0,0,0,0,0,0,0,0,0,0,0,0
61,120,33,101,25,117,0,58,61,51,0,35,50,65,0,0,0,0,0,0,0,0,0,0,0,0,0,0,0,0,0,0,0
44,142,35,89,26,105,0,61,77,54,75,42,41,49,0,0,0,0,0,0,0,0,0,0,0,0,0,0,0,0,0,0,0
73,135,26,92,16,64,0,39,47,50,88,28,29,52,0,0,0,0,0,0,0,0,0,0,0,0,0,0,0,0,0,0,0
81,130,33,90,19,75,0,41,73,79,97,32,27,43,0,0,0,0,0,0,0,0,0,0,0,0,0,0,0,0,0,0,0
57,116,23,77,31,68,0,34,132,84,102,33,20,38,0,0,0,0,0,0,0,0,0,0,0,0,0,0,0,0,0,0,0
65,101,27,94,16,50,0,47,79,217,117,24,15,49,0,0,0,0,0,0,0,0,0,0,0,0,0,0,0,0,0,0,0
62,117,18,77,22,72,0,37,38,225,120,29,18,42,0,0,0,0,0,0,0,0,0,0,0,0,0,0,0,0,0,0,0
64,112,25,82,15,99,0,40,25,243,115,33,17,33,0,0,0,0,0,0,0,0,0,0,0,0,0,0,0,0,0,0,0
62,103,24,72,18,63,0,32,35,213,104,35,15,27,0,0,0,0,0,0,0,0,0,0,0,0,0,0,0,0,0,0,0
61,106,17,70,28,70,0,94,85,246,116,38,17,12,0,0,0,0,0,0,0,0,0,0,0,0,0,0,0,0,0,0,0
29,466,14,73,13,80,0,65,89,275,117,40,13,42,0,0,0,0,0,0,0,0,0,0,0,0,0,0,0,0,0,0,0
78,117,22,70,19,125,0,85,82,300,163,40,7,32,0,0,0,0,0,0,0,0,0,0,0,0,0,0,0,0,0,0,0
57,127,21,74,12,103,0,115,57,305,146,44,6,49,0,0,0,0,0,0,0,0,0,0,0,0,0,0,0,0,0,0,0
59,112,14,121,14,122,79,55,48,369,182,47,6,30,0,0,0,0,0,0,0,0,0,0,0,0,0,0,0,0,0,0,0
26,44,40,89,17,130,100,110,29,294,197,30,6,48,0,0,0,0,0,0,0,0,0,0,0,0,0,0,0,0,0,0,0
64,99,45,118,17,168,138,122,13,345,202,33,4,81,0,0,0,0,0,0,0,0,0,0,0,0,0,0,0,0,0,0,0
43,110,58,90,31,176,158,173,35,378,135,50,16,97,0,0,0,0,0,0,0,0,0,0,0,0,0,0,0,0,0,0,0
50,116,37,72,64,186,190,170,57,367,159,44,19,71,0,0,0,0,0,0,0,0,0,0,0,0,0,0,0,0,0,0,0
55,108,58,134,40,307,161,266,36,458,259,57,26,121,0,0,0,0,0,0,0,0,0,0,0,0,0,0,0,0,0,0,0
52,115,63,167,30,348,218,203,67,447,245,59,33,156,0,0,0,0,0,0,0,0,0,0,0,0,0,0,0,0,0,0,0
50,197,54,103,38,418,251,200,91,406,244,83,34,151,0,0,0,0,0,0,0,0,0,0,0,0,0,0,0,0,0,0,0
52,124,46,142,54,337,264,204,98,443,245,100,35,143,0,0,0,0,0,0,0,0,0,0,0,0,0,0,0,0,0,0,0
31,93,57,133,27,474,224,182,257,372,216,79,57,121,0,0,0,0,0,0,0,0,0,0,0,0,0,0,0,0,0,0,0
59,72,55,154,35,410,248,244,188,368,246,83,125,148,0,0,0,0,0,0,0,0,0,0,0,0,0,0,0,0,0,0,0
50,100,73,207,57,370,236,247,243,313,298,83,78,141,0,0,0,0,0,0,0,0,0,0,0,0,0,0,0,0,0,0,0
52,175,100,199,52,339,252,230,156,301,289,86,168,154,0,0,0,0,0,0,0,0,0,0,0,0,0,0,0,0,0,0,0
54,165,92,229,66,295,170,163,250,242,202,327,167,210,0,0,0,0,0,0,0,0,0,0,0,0,0,0,0,0,0,0,0
73,149,73,179,71,285,131,141,158,227,192,205,149,218,0,0,0,0,0,0,0,0,0,0,0,0,0,0,0,0,0,0,0
84,243,88,162,74,277,115,130,187,274,173,234,136,195,0,0,0,0,0,0,0,0,0,0,0,0,0,0,0,0,0,0,0
78,210,82,159,75,248,116,172,175,199,151,236,113,188,0,0,0,0,0,0,0,0,0,0,0,0,0,0,0,0,0,0,0
77,170,89,171,45,280,142,142,184,187,177,237,139,189,0,0,0,0,0,0,0,0,0,0,0,0,0,0,0,0,0,0,0
130,109,78,165,71,125,131,141,173,151,173,270,156,231,0,0,0,0,0,0,0,0,0,0,0,0,0,0,0,0,0,0,0
162,96,55,131,65,169,130,133,140,153,168,234,158,216,0,0,0,0,0,0,0,0,0,0,0,0,0,0,0,0,0,0,0
101,137,51,79,95,159,172,120,123,139,122,225,147,201,0,0,0,0,0,0,0,0,0,0,0,0,0,0,0,0,0,0,0
114,113,49,78,62,171,169,113,135,143,189,229,148,205,0,0,0,0,0,0,0,0,0,0,0,0,0,0,0,0,0,0,0
143,137,57,144,87,177,149,108,136,141,195,213,167,202,0,0,0,0,0,0,0,0,0,0,0,0,0,0,0,0,0,0,0
185,113,80,123,91,213,130,104,143,154,175,167,136,189,0,0,0,0,0,0,0,0,0,0,0,0,0,0,0,0,0,0,0
133,95,70,41,97,167,129,97,146,138,144,169,136,189,0,0,0,0,0,0,0,0,0,0,0,0,0,0,0,0,0,0,0
122,92,54,47,102,203,136,103,140,131,142,146,137,163,0,0,0,0,0,0,0,0,0,0,0,0,0,0,0,0,0,0,0
156,94,38,128,107,176,117,99,127,142,107,140,170,147,0,0,0,0,0,0,0,0,0,0,0,0,0,0,0,0,0,0,0
207,77,44,112,126,153,158,90,83,110,111,124,132,175,0,0,0,0,0,0,0,0,0,0,0,0,0,0,0,0,0,0,0
202,92,45,134,113,160,191,88,111,124,102,135,117,157,0,0,0,0,0,0,0,0,0,0,0,0,0,0,0,0,0,0,0
214,114,51,69,131,147,170,81,112,124,100,117,115,151,0,0,0,0,0,0,0,0,0,0,0,0,0,0,0,0,0,0,0
236,59,56,67,97,148,193,129,84,178,99,79,70,122,0,0,0,0,0,0,0,0,0,0,0,0,0,0,0,0,0,0,0
195,50,67,84,96,124,234,34,84,154,109,77,90,120,0,0,0,0,0,0,0,0,0,0,0,0,0,0,0,0,0,0,0
226,46,41,72,83,121,209,59,83,158,130,76,127,96,0,0,0,0,0,0,0,0,0,0,0,0,0,0,0,0,0,0,0
188,45,41,88,93,121,185,46,91,153,122,66,133,99,0,0,0,0,0,0,0,0,0,0,0,0,0,0,0,0,0,0,0
125,42,36,65,89,94,161,45,87,150,144,66,126,143,0,0,0,0,0,0,0,0,0,0,0,0,0,0,0,0,0,0,0
121,43,49,85,110,75,150,38,88,149,157,67,134,124,0,0,0,0,0,0,0,0,0,0,0,0,0,0,0,0,0,0,0
118,50,38,83,107,59,186,41,74,108,129,77,121,118,0,0,0,0,0,0,0,0,0,0,0,0,0,0,0,0,0,0,0
158,71,34,99,104,80,163,54,89,166,130,77,152,147,0,0,0,0,0,0,0,0,0,0,0,0,0,0,0,0,0,0,0
190,55,16,77,104,77,129,53,87,123,118,111,114,157,0,0,0,0,0,0,0,0,0,0,0,0,0,0,0,0,0,0,0
136,45,9,72,115,93,107,59,74,132,155,77,112,111,0,0,0,0,0,0,0,0,0,0,0,0,0,0,0,0,0,0,0
199,46,67,60,66,103,114,55,74,124,154,68,108,162,0,0,0,0,0,0,0,0,0,0,0,0,0,0,0,0,0,0,0
140,58,26,64,66,13,114,63,44,118,114,50,90,74,0,0,0,0,0,0,0,0,0,0,0,0,0,0,0,0,0,0,0
118,66,48,71,66,127,120,66,41,137,127,71,109,109,0,0,0,0,0,0,0,0,0,0,0,0,0,0,0,0,0,0,0
135,69,38,75,62,66,102,58,48,119,129,67,99,116,0,0,0,0,0,0,0,0,0,0,0,0,0,0,0,0,0,0,0
125,66,22,77,56,128,130,56,53,98,121,65,117,113,0,0,0,0,0,0,0,0,0,0,0,0,0,0,0,0,0,0,0
117,66,54,67,61,122,98,53,61,119,148,52,63,141,0,0,0,0,0,0,0,0,0,0,0,0,0,0,0,0,0,0,0
119,64,59,73,64,109,87,42,55,114,135,47,65,125,0,0,0,0,0,0,0,0,0,0,0,0,0,0,0,0,0,0,0
120,76,77,80,60,113,91,44,60,109,145,61,83,122,0,0,0,0,0,0,0,0,0,0,0,0,0,0,0,0,0,0,0
110,135,23,65,60,122,93,46,69,110,89,47,62,130,0,0,0,0,0,0,0,0,0,0,0,0,0,0,0,0,0,0,0
174,87,55,79,53,110,102,46,58,164,98,69,83,126,0,0,0,0,0,0,0,0,0,0,0,0,0,0,0,0,0,0,0
187,93,30,70,60,112,74,61,58,85,99,52,67,83,0,0,0,0,0,0,0,0,0,0,0,0,0,0,0,0,0,0,0
151,104,22,49,61,98,81,64,49,67,105,42,54,57,0,0,0,0,0,0,0,0,0,0,0,0,0,0,0,0,0,0,0
119,88,15,57,55,84,65,61,62,85,98,48,52,79,0,0,0,0,0,0,0,0,0,0,0,0,0,0,0,0,0,0,0
119,103,26,53,56,99,68,48,95,88,51,50,73,90,0,0,0,0,0,0,0,0,0,0,0,0,0,0,0,0,0,0,0
83,97,24,74,64,101,69,51,73,103,110,51,64,129,0,0,0,0,0,0,0,0,0,0,0,0,0,0,0,0,0,0,0
144,109,82,75,59,104,66,47,58,96,55,52,65,118,0,0,0,0,0,0,0,0,0,0,0,0,0,0,0,0,0,0,0
120,79,30,63,43,75,105,52,62,97,94,52,57,117,0,0,0,0,0,0,0,0,0,0,0,0,0,0,0,0,0,0,0
132,103,30,67,42,75,104,52,61,96,93,52,51,116,0,0,0,0,0,0,0,0,0,0,0,0,0,0,0,0,0,0,0
113,76,29,49,47,65,105,56,58,105,96,49,43,79,0,0,0,0,0,0,0,0,0,0,0,0,0,0,0,0,0,0,0
101,76,33,49,51,92,94,53,41,87,94,43,41,68,0,0,0,0,0,0,0,0,0,0,0,0,0,0,0,0,0,0,0
113,82,29,55,48,86,93,54,50,108,117,42,37,77,0,0,0,0,0,0,0,0,0,0,0,0,0,0,0,0,0,0,0
93,51,33,49,50,88,104,56,50,108,118,42,37,89,0,0,0,0,0,0,0,0,0,0,0,0,0,0,0,0,0,0,0
88,60,35,52,32,79,108,39,43,83,61,53,52,84,0,0,0,0,0,0,0,0,0,0,0,0,0,0,0,0,0,0,0
64,44,35,54,28,88,95,44,44,107,70,48,46,80,0,0,0,0,0,0,0,0,0,0,0,0,0,0,0,0,0,0,0
88,49,39,55,26,96,83,45,23,63,35,20,19,38,0,0,0,0,0,0,0,0,0,0,0,0,0,0,0,0,0,0,0
110,50,63,19,20,82,72,16,30,99,56,27,25,35,0,0,0,0,0,0,0,0,0,0,0,0,0,0,0,0,0,0,0
66,47,92,8,48,78,53,4,53,74,104,38,32,60,0,0,0,0,0,0,0,0,0,0,0,0,0,0,0,0,0,0,0
62,34,67,53,66,74,35,24,36,126,96,50,27,43,0,0,0,0,0,0,0,0,0,0,0,0,0,0,0,0,0,0,0
86,36,66,64,88,55,51,45,23,172,96,39,73,98,0,0,0,0,0,0,0,0,0,0,0,0,0,0,0,0,0,0,0
34,19,36,59,61,108,50,62,22,124,93,38,39,120,0,0,0,0,0,0,0,0,0,0,0,0,0,0,0,0,0,0,0
35,13,36,59,60,122,10,14,22,123,92,9,39,122,0,0,0,0,0,0,0,0,0,0,0,0,0,0,0,0,0,0,0
35,13,36,59,61,122,10,14,22,123,92,9,39,122,0,0,0,0,0,0,0,0,0,0,0,0,0,0,0,0,0,0,0
37,14,37,61,63,127,10,15,23,128,96,9,40,127,0,0,0,0,0,0,0,0,0,0,0,0,0,0,0,0,0,0,0
36,14,37,61,63,126,10,14,23,127,95,9,40,126,0,0,0,0,0,0,0,0,0,0,0,0,0,0,0,0,0,0,0
15,15,135,37,56,22,41,31,2,67,57,21,31,34,0,0,0,0,0,0,0,0,0,0,0,0,0,0,0,0,0,0,0
15,24,123,12,98,26,41,41,18,65,69,14,33,36,0,0,0,0,0,0,0,0,0,0,0,0,0,0,0,0,0,0,0
14,19,104,27,100,22,43,26,13,59,64,11,35,21,0,0,0,0,0,0,0,0,0,0,0,0,0,0,0,0,0,0,0
74,58,143,29,76,27,51,35,14,67,58,22,26,13,0,0,0,0,0,0,0,0,0,0,0,0,0,0,0,0,0,0,0
71,55,137,28,72,18,49,34,18,65,55,22,22,20,0,0,0,0,0,0,0,0,0,0,0,0,0,0,0,0,0,0,0
157,74,71,23,59,15,11,38,13,53,53,6,28,38,0,0,0,0,0,0,0,0,0,0,0,0,0,0,0,0,0,0,0
100,34,60,28,57,23,15,42,28,83,7,24,26,36,0,0,0,0,0,0,0,0,0,0,0,0,0,0,0,0,0,0,0
28,31,53,13,54,22,10,43,22,73,70,19,30,35,0,0,0,0,0,0,0,0,0,0,0,0,0,0,0,0,0,0,0
23,10,61,31,1,30,33,63,22,96,74,28,31,55,0,0,0,0,0,0,0,0,0,0,0,0,0,0,0,0,0,0,0
23,24,55,32,24,32,38,43,0,100,52,21,17,43,0,0,0,0,0,0,0,0,0,0,0,0,0,0,0,0,0,0,0
48,25,72,31,44,33,61,46,0,57,41,20,30,33,0,0,0,0,0,0,0,0,0,0,0,0,0,0,0,0,0,0,0
50,19,63,38,45,31,59,44,0,60,49,38,33,37,0,0,0,0,0,0,0,0,0,0,0,0,0,0,0,0,0,0,0
19,11,66,36,38,18,79,41,0,126,81,49,85,79,0,0,0,0,0,0,0,0,0,0,0,0,0,0,0,0,0,0,0
17,14,66,37,39,32,44,37,0,152,82,49,69,77,0,0,0,0,0,0,0,0,0,0,0,0,0,0,0,0,0,0,0
9,5,87,19,31,23,134,14,0,190,126,84,61,53,0,0,0,0,0,0,0,0,0,0,0,0,0,0,0,0,0,0,0
3,1,57,15,38,7,96,95,0,216,181,67,42,74,0,0,0,0,0,0,0,0,0,0,0,0,0,0,0,0,0,0,0
13,3,65,1,25,14,99,76,0,141,132,63,52,70,0,0,0,0,0,0,0,0,0,0,0,0,0,0,0,0,0,0,0
27,12,85,35,27,20,79,49,0,113,67,53,36,85,0,0,0,0,0,0,0,0,0,0,0,0,0,0,0,0,0,0,0
23,12,75,54,37,4,34,78,0,119,79,61,40,63,0,0,0,0,0,0,0,0,0,0,0,0,0,0,0,0,0,0,0
25,4,128,43,48,15,50,79,0,118,63,53,34,68,0,0,0,0,0,0,0,0,0,0,0,0,0,0,0,0,0,0,0
6,4,146,56,44,18,98,74,0,114,15,53,55,66,0,0,0,0,0,0,0,0,0,0,0,0,0,0,0,0,0,0,0
4,2,106,10,17,14,93,79,0,135,59,44,30,62,0,0,0,0,0,0,0,0,0,0,0,0,0,0,0,0,0,0,0
12,22,56,10,17,14,94,59,0,126,74,53,35,62,0,0,0,0,0,0,0,0,0,0,0,0,0,0,0,0,0,0,0
51,24,54,10,17,13,91,58,0,119,58,42,30,60,0,0,0,0,0,0,0,0,0,0,0,0,0,0,0,0,0,0,0
48,35,51,27,42,59,96,82,0,119,64,60,36,64,0,0,0,0,0,0,0,0,0,0,0,0,0,0,0,0,0,0,0
61,42,31,22,43,68,58,75,0,122,59,37,27,49,0,0,0,0,0,0,0,0,0,0,0,0,0,0,0,0,0,0,0
43,36,62,19,49,65,1,4,0,116,58,38,28,97,0,0,0,0,0,0,0,0,0,0,0,0,0,0,0,0,0,0,0
45,42,63,19,38,87,5,3,0,115,64,69,27,58,0,0,0,0,0,0,0,0,0,0,0,0,0,0,0,0,0,0,0
44,33,60,46,46,52,37,27,0,111,40,61,21,30,0,0,0,0,0,0,0,0,0,0,0,0,0,0,0,0,0,0,0
56,71,40,48,46,63,7,14,0,110,40,60,21,85,0,0,0,0,0,0,0,0,0,0,0,0,0,0,0,0,0,0,0
52,39,41,69,43,72,83,75,0,73,22,57,19,59,0,0,0,0,0,0,0,0,0,0,0,0,0,0,0,0,0,0,0
39,44,53,62,33,89,86,77,0,93,23,60,24,61,0,0,0,0,0,0,0,0,0,0,0,0,0,0,0,0,0,0,0
50,45,73,45,38,70,112,82,0,69,19,41,15,56,0,0,0,0,0,0,0,0,0,0,0,0,0,0,0,0,0,0,0
31,32,48,3,30,68,104,69,0,54,26,16,13,65,0,0,0,0,0,0,0,0,0,0,0,0,0,0,0,0,0,0,0
38,44,40,8,30,77,92,69,0,66,57,56,25,50,0,0,0,0,0,0,0,0,0,0,0,0,0,0,0,0,0,0,0
33,25,39,24,1,57,79,66,0,78,43,22,30,55,0,0,0,0,0,0,0,0,0,0,0,0,0,0,0,0,0,0,0
31,30,40,51,66,76,82,70,0,66,38,27,30,42,0,0,0,0,0,0,0,0,0,0,0,0,0,0,0,0,0,0,0
18,24,29,81,8,86,7,69,0,85,53,36,6,43,0,0,0,0,0,0,0,0,0,0,0,0,0,0,0,0,0,0,0
19,24,38,79,0,36,80,66,0,103,34,25,23,53,0,0,0,0,0,0,0,0,0,0,0,0,0,0,0,0,0,0,0
43,32,43,75,21,37,73,69,0,94,40,24,34,47,0,0,0,0,0,0,0,0,0,0,0,0,0,0,0,0,0,0,0
52,37,53,92,27,51,71,64,0,109,29,22,33,35,0,0,0,0,0,0,0,0,0,0,0,0,0,0,0,0,0,0,0
36,37,51,79,28,74,77,74,0,136,29,16,34,38,0,0,0,0,0,0,0,0,0,0,0,0,0,0,0,0,0,0,0
29,33,53,82,37,51,85,61,0,126,30,17,36,24,0,0,0,0,0,0,0,0,0,0,0,0,0,0,0,0,0,0,0
14,25,39,69,36,43,77,60,0,87,26,16,53,42,7,4,0,6,0,0,0,0,0,0,0,0,0,0,0,0,0,0,0
2,30,62,80,64,53,68,59,0,184,88,16,48,47,7,4,0,6,0,0,0,0,0,0,0,0,0,0,0,0,0,0,0
14,46,56,22,59,54,70,63,0,161,93,22,30,42,8,4,0,6,0,0,0,0,0,0,0,0,0,0,0,0,0,0,0
9,48,60,63,58,80,73,73,0,168,70,18,58,42,8,5,0,7,0,0,0,0,0,0,0,0,0,0,0,0,0,0,0
28,41,36,64,42,83,77,71,0,149,48,24,31,33,16,9,0,27,0,0,0,0,0,0,0,0,0,0,0,0,0,0,0
7,47,26,66,26,66,70,64,0,158,44,32,38,42,17,16,0,16,0,0,0,0,0,0,0,0,0,0,0,0,0,0,0
19,49,65,52,26,75,72,72,0,97,49,40,36,39,15,1,0,15,0,0,0,0,0,0,0,0,0,0,0,0,0,0,0
29,40,58,24,26,87,1,64,0,68,14,11,32,61,14,0,0,14,0,0,0,0,0,0,0,0,0,0,0,0,0,0,0
19,28,71,39,25,75,73,59,0,163,98,29,48,52,15,6,0,9,0,0,0,0,0,0,0,0,0,0,0,0,0,0,0
18,30,17,41,26,75,73,66,0,179,106,34,33,63,12,2,0,6,0,0,0,0,0,0,0,0,0,0,0,0,0,0,0
10,36,40,8,17,72,73,56,0,126,107,47,22,58,16,5,0,8,0,0,0,0,0,0,0,0,0,0,0,0,0,0,0
35,20,39,8,17,70,74,51,0,122,107,19,22,57,11,3,0,2,0,0,0,0,0,0,0,0,0,0,0,0,0,0,0
32,10,34,10,31,88,57,33,0,136,51,20,45,61,1,6,0,7,0,0,0,0,0,0,0,0,0,0,0,0,0,0,0
19,24,38,39,27,86,75,56,0,127,66,25,33,54,17,6,0,1,0,0,0,0,0,0,0,0,0,0,0,0,0,0,0
19,23,41,40,20,101,68,57,0,141,106,38,14,24,8,15,0,1,0,0,0,0,0,0,0,0,0,0,0,0,0,0,0
8,36,38,35,21,78,63,53,0,117,107,37,23,37,9,13,0,0,0,0,0,0,0,0,0,0,0,0,0,0,0,0,0
7,38,71,47,26,72,77,17,0,49,74,34,15,16,7,31,0,2,0,0,0,0,0,0,0,0,0,0,0,0,0,0,0
19,4,83,57,33,32,70,62,0,47,71,38,9,23,31,16,0,3,0,0,0,0,0,0,0,0,0,0,0,0,0,0,0
17,28,78,60,30,35,66,50,0,117,73,39,17,5,31,10,0,0,0,0,0,0,0,0,0,0,0,0,0,0,0,0,0
12,16,82,58,30,71,71,48,0,173,88,31,40,3,34,19,0,0,0,0,0,0,0,0,0,0,0,0,0,0,0,0,0
9,44,93,76,40,34,70,51,0,171,83,44,29,6,34,86,0,2,0,0,0,0,0,0,0,0,0,0,0,0,0,0,0
8,29,104,77,14,65,68,48,0,172,78,43,23,7,3,71,0,2,0,0,0,0,0,0,0,0,0,0,0,0,0,0,0
10,48,60,77,36,57,44,33,0,124,38,30,25,32,4,67,0,6,0,0,0,0,0,0,0,0,0,0,0,0,0,0,0
4,54,101,76,27,45,29,84,0,98,35,24,28,14,31,57,0,3,0,0,0,0,0,0,0,0,0,0,0,0,0,0,0
15,28,62,63,30,52,40,61,0,68,49,28,23,3,30,54,0,3,0,0,0,0,0,0,0,0,0,0,0,0,0,0,0
9,49,91,81,22,82,56,56,24,97,41,32,15,6,33,65,0,12,0,0,0,0,0,0,0,0,0,0,0,0,0,0,0
19,45,96,62,23,6,88,59,10,85,27,38,2,3,21,67,0,7,0,0,0,0,0,0,0,0,0,0,0,0,0,0,0
19,11,64,65,31,63,71,52,14,147,31,30,6,62,9,70,0,7,0,0,0,0,0,0,0,0,0,0,0,0,0,0,0
20,29,75,61,48,64,80,60,17,90,29,23,7,44,14,63,0,8,0,0,0,0,0,0,0,0,0,0,0,0,0,0,0
20,3,83,87,33,46,95,62,1,101,4,23,9,65,6,66,0,8,0,0,0,0,0,0,0,0,0,0,0,0,0,0,0
20,8,86,82,36,60,90,53,22,94,3,34,19,69,8,76,0,8,0,0,0,0,0,0,0,0,0,0,0,0,0,0,0
6,4,94,70,36,66,84,57,12,111,18,34,29,67,9,79,0,8,0,0,0,0,0,0,0,0,0,0,0,0,0,0,0
5,11,91,82,33,60,78,48,15,188,23,22,37,77,3,80,0,7,0,0,0,0,0,0,0,0,0,0,0,0,0,0,0
14,68,100,90,38,54,60,49,16,194,25,25,15,50,50,77,0,8,0,0,0,0,0,0,0,0,0,0,0,0,0,0,0
22,61,122,174,43,48,73,66,20,102,37,21,15,58,41,89,0,7,0,0,0,0,0,0,0,0,0,0,0,0,0,0,0
10,64,116,189,45,96,72,48,18,167,34,21,4,107,47,97,0,7,0,0,0,0,0,0,0,0,0,0,0,0,0,0,0
24,64,129,162,74,93,96,53,20,164,26,23,17,117,50,97,0,12,0,0,0,0,0,0,0,0,0,0,0,0,0,0,0
17,72,99,127,77,57,7,50,37,129,31,37,17,49,53,86,0,7,0,0,0,0,0,0,0,0,0,0,0,0,0,0,0
24,71,98,125,101,56,7,49,36,127,31,18,19,46,58,85,0,1,0,0,0,0,0,0,0,0,0,0,0,0,0,0,0
21,85,109,133,101,57,73,47,23,174,37,30,42,106,53,45,0,0,0,0,0,0,0,0,0,0,0,0,0,0,0,0,0
11,107,109,143,37,65,86,45,16,166,59,26,21,82,61,46,0,0,0,0,0,0,0,0,0,0,0,0,0,0,0,0,0
18,83,99,141,45,57,85,45,24,168,12,18,17,100,57,83,0,0,0,0,0,0,0,0,0,0,0,0,0,0,0,0,0
29,7,97,139,38,47,95,41,25,195,22,22,18,97,61,82,0,0,0,0,0,0,0,0,0,0,0,0,0,0,0,0,0
23,56,96,137,32,45,70,39,20,179,43,25,14,93,62,96,0,0,0,0,0,0,0,0,0,0,0,0,0,0,0,0,0
21,64,75,132,50,52,83,9,23,200,67,22,29,88,60,88,0,0,0,0,0,0,0,0,0,0,0,0,0,0,0,0,0
24,72,73,126,40,64,63,53,17,131,59,32,32,66,59,88,0,0,0,0,0,0,0,0,0,0,0,0,0,0,0,0,0
22,58,72,117,35,55,72,37,31,166,46,30,15,79,57,102,0,0,0,0,0,0,0,0,0,0,0,0,0,0,0,0,0
23,82,63,140,40,62,66,34,30,107,63,33,21,101,64,96,0,0,0,0,0,0,0,0,0,0,0,0,0,0,0,0,0
24,84,60,144,43,40,66,34,28,159,80,33,19,78,61,113,0,0,0,0,0,0,0,0,0,0,0,0,0,0,0,0,0
33,61,102,149,42,60,79,34,12,119,41,20,19,41,63,114,0,0,0,0,0,0,0,0,0,0,0,0,0,0,0,0,0
34,113,128,155,35,60,94,34,36,130,39,19,27,88,64,89,0,0,0,0,0,0,0,0,0,0,0,0,0,0,0,0,0
60,102,126,157,41,57,73,34,28,118,24,31,17,92,58,99,0,0,0,0,0,0,0,0,0,0,0,0,0,0,0,0,0
47,111,76,171,62,83,70,32,40,160,78,24,19,89,62,75,0,0,0,0,0,0,0,0,0,0,0,0,0,0,0,0,0
48,105,123,156,35,61,48,34,32,83,50,29,24,100,65,90,0,0,0,0,0,0,0,0,0,0,0,0,0,0,0,0,0
80,105,129,156,44,57,58,31,24,156,22,15,15,95,60,86,0,0,0,0,0,0,0,0,0,0,0,0,0,0,0,0,0
34,102,136,140,46,43,77,32,30,144,43,26,16,101,59,127,0,0,0,0,0,0,0,0,0,0,0,0,0,0,0,0,0
51,110,120,146,49,63,67,40,23,98,42,31,26,101,61,126,0,0,0,0,0,0,0,0,0,0,0,0,0,0,0,0,0
40,103,102,142,44,58,74,36,37,94,49,42,17,94,65,108,0,0,0,0,0,0,0,0,0,0,0,0,0,0,0,0,0
49,105,126,136,41,60,67,46,26,163,37,10,19,105,54,127,0,0,0,0,0,0,0,0,0,0,0,0,0,0,0,0,0
59,111,112,157,41,65,65,35,29,123,58,41,24,103,64,99,0,0,0,0,0,0,0,0,0,0,0,0,0,0,0,0,0
82,79,102,140,47,69,80,31,32,148,10,42,35,102,63,104,0,0,0,0,0,0,0,0,0,0,0,0,0,0,0,0,0
78,156,100,129,49,61,68,80,30,146,47,31,26,35,61,145,0,0,0,0,0,0,0,0,0,0,0,0,0,0,0,0,0
83,114,103,132,52,68,94,41,30,109,67,38,21,116,66,151,0,0,0,0,0,0,0,0,0,0,0,0,0,0,0,0,0
57,285,103,132,45,76,14,45,37,123,40,36,12,66,64,151,0,0,0,0,0,0,0,0,0,0,0,0,0,0,0,0,0
87,146,104,133,45,73,80,39,30,106,58,33,11,109,57,152,0,0,0,0,0,0,0,0,0,0,0,0,0,0,0,0,0
58,162,101,130,64,97,73,34,31,135,51,32,21,111,54,149,0,0,0,0,0,0,0,0,0,0,0,0,0,0,0,0,0
87,135,105,135,55,77,64,48,27,130,95,64,16,110,65,154,0,0,0,0,0,0,0,0,0,0,0,0,0,0,0,0,0
95,98,97,175,50,72,69,38,29,184,96,54,16,104,62,110,0,0,0,0,0,0,0,0,0,0,0,0,0,0,0,0,0
95,99,93,160,51,72,69,36,30,185,97,54,16,105,62,125,0,0,0,0,0,0,0,0,0,0,0,0,0,0,0,0,0
108,76,95,166,55,63,1,28,29,120,71,47,24,118,54,101,0,0,0,0,0,0,0,0,0,0,0,0,0,0,0,0,0
105,143,86,155,61,71,63,34,23,116,46,47,23,92,52,110,0,0,0,0,0,0,0,0,0,0,0,0,0,0,0,0,0
61,111,137,194,41,61,102,38,22,109,43,44,22,87,120,175,0,0,0,0,0,0,0,0,0,0,0,0,0,0,0,0,0
87,128,94,274,51,53,72,32,112,119,50,28,25,17,56,186,0,0,0,0,0,0,0,0,0,0,0,0,0,0,0,0,0
80,120,72,165,48,50,66,29,109,121,39,27,16,22,52,121,0,0,0,0,0,0,0,0,0,0,0,0,0,0,0,0,0
87,119,65,180,51,53,50,22,100,121,36,20,13,8,57,129,0,0,0,0,0,0,0,0,0,0,0,0,0,0,0,0,0
72,125,67,144,49,51,75,46,53,117,24,31,13,7,52,86,0,0,0,0,0,0,0,0,0,0,0,0,0,0,0,0,0
51,117,64,83,50,52,77,47,54,119,24,32,13,7,64,61,0,0,0,53,0,0,0,0,0,0,0,0,0,0,0,0,0
89,124,63,115,50,52,76,46,54,91,9,32,13,7,73,60,0,0,0,53,0,0,0,5,0,0,0,0,0,0,0,0,0
90,127,54,117,41,37,57,25,59,113,10,58,54,75,61,61,0,0,0,54,0,0,0,5,0,0,0,0,0,0,0,0,0
61,117,47,105,40,42,85,25,91,110,41,54,42,101,61,94,0,0,42,54,0,0,0,5,0,0,0,0,0,0,0,0,0
88,102,48,108,26,41,87,25,93,112,42,55,41,103,68,67,0,0,43,55,0,0,0,5,53,0,0,0,0,0,0,0,0
77,149,45,103,25,51,46,38,60,71,23,40,38,97,64,71,0,0,40,51,0,0,0,5,46,0,0,0,0,0,0,0,0
68,83,46,140,40,42,60,27,61,121,42,70,25,61,56,148,0,0,41,52,53,0,3,5,44,0,0,0,0,0,0,0,0
67,122,44,85,16,37,66,54,74,128,49,46,32,83,46,130,0,0,39,50,70,105,2,5,49,0,0,0,0,0,0,0,0
71,73,47,88,18,40,52,31,77,133,51,48,34,76,55,135,0,0,49,43,73,109,2,5,50,0,0,0,0,0,0,0,0
68,70,45,91,17,38,45,27,77,164,77,46,32,73,45,129,0,0,40,46,79,104,2,5,60,0,0,0,0,0,0,0,0
56,61,39,1084,9,23,41,21,59,136,72,46,31,61,40,112,0,0,31,23,70,91,8,4,45,0,0,0,0,0,0,0,0
62,69,48,619,37,26,45,23,61,110,80,38,51,84,44,70,0,0,33,40,57,102,9,4,33,0,0,0,0,0,0,0,0
69,70,40,107,35,39,51,2,43,106,26,39,38,54,45,72,0,0,46,39,55,104,51,5,35,0,0,0,0,0,0,0,0
80,67,99,106,36,54,51,29,42,109,52,44,41,51,48,18,0,0,35,42,56,107,57,5,48,0,0,0,0,0,0,0,0
75,67,99,93,32,38,49,43,37,137,52,48,50,76,37,41,0,0,21,31,68,106,43,5,45,0,0,0,0,0,0,0,0
71,75,90,125,26,34,40,30,38,141,54,49,38,79,50,75,0,0,11,35,70,110,37,5,36,0,0,0,0,0,0,0,0
70,90,84,95,30,33,43,26,37,131,52,47,35,91,47,39,0,0,19,42,58,106,76,5,39,0,0,0,0,0,0,0,0
70,86,83,97,53,54,40,33,61,116,51,47,39,94,49,55,0,0,19,43,58,104,45,5,42,0,0,0,0,0,0,0,0
72,71,87,89,48,50,43,44,54,119,81,64,32,96,47,54,0,0,42,40,77,104,57,30,96,0,0,0,0,0,0,0,0
66,82,88,92,46,39,42,27,52,130,106,63,24,98,46,49,0,0,39,39,56,102,56,29,89,0,0,0,0,0,0,0,0
63,79,87,89,44,38,34,24,42,129,101,60,23,129,48,48,0,0,32,44,54,95,53,28,83,0,0,0,0,0,0,0,0
70,87,84,94,44,31,26,19,46,119,141,46,40,129,58,45,0,0,28,38,59,105,47,31,81,0,0,0,0,0,0,0,0
68,95,62,91,36,33,33,25,44,108,123,44,30,116,57,54,0,0,27,41,120,99,51,136,125,0,0,0,0,0,0,0,0
72,78,75,105,28,31,31,24,33,103,91,46,29,114,66,49,0,0,27,40,105,96,51,78,101,0,0,0,0,0,0,0,0
76,94,76,93,32,34,30,24,39,102,116,43,19,107,59,49,0,0,26,29,95,84,46,65,89,0,0,0,0,0,0,0,0
54,92,77,90,33,36,54,23,43,92,108,50,23,101,57,57,0,0,28,46,86,69,39,58,84,0,0,0,0,0,0,0,0
56,81,73,83,30,29,45,24,38,89,113,39,28,92,46,66,0,0,24,46,78,63,47,49,76,0,0,0,0,0,0,0,0
66,72,62,75,32,32,38,19,34,92,102,35,29,90,64,61,0,0,30,53,79,63,45,48,74,0,0,0,0,0,0,0,0
69,71,68,59,30,31,39,20,35,86,96,36,20,90,63,53,0,0,30,59,72,58,38,43,81,0,0,0,0,0,0,0,0
67,64,60,84,24,29,43,24,34,83,99,38,27,94,51,64,0,0,25,55,73,57,40,43,84,0,0,0,0,0,0,0,0
69,72,63,84,29,28,33,33,33,80,88,39,27,87,44,48,0,0,24,36,69,56,36,43,72,0,0,0,0,0,0,0,0
79,77,65,89,28,31,39,24,38,85,101,28,27,91,54,50,0,0,25,43,72,59,55,42,70,0,0,0,0,0,0,0,0
78,63,60,90,26,36,31,20,35,90,104,41,27,90,42,47,0,0,21,51,75,59,49,38,69,0,0,0,0,0,0,0,0
58,73,61,85,38,29,27,26,42,110,103,51,25,89,49,47,0,0,20,51,95,74,44,56,68,0,0,0,0,0,0,0,0
135,103,66,84,29,30,40,30,61,138,65,50,24,88,38,42,0,0,21,46,82,76,38,28,61,0,0,0,0,0,0,0,0
141,111,64,79,29,40,37,25,29,138,65,35,23,85,52,42,0,0,22,45,64,98,37,94,62,0,0,0,0,0,0,0,0
167,86,64,82,22,36,28,18,20,71,85,32,24,80,40,42,0,0,20,35,61,40,35,36,64,0,0,0,0,0,0,0,0
126,87,74,101,29,36,29,20,27,41,64,33,23,87,35,56,0,0,20,39,57,40,32,37,62,0,0,0,0,0,0,0,0
113,85,49,91,27,35,30,21,23,55,59,30,23,87,63,52,0,0,15,38,58,30,38,35,60,0,0,0,0,0,0,0,0
112,85,75,92,27,37,28,21,23,60,67,31,23,88,62,51,0,0,15,38,62,31,30,34,60,0,0,0,0,0,0,0,0
130,101,67,83,34,35,28,25,39,81,83,39,25,86,64,42,0,0,19,37,64,52,29,46,66,0,0,0,0,0,0,0,0
109,82,60,84,34,35,26,22,37,79,84,35,23,87,48,36,0,0,18,36,67,44,29,42,57,0,0,0,0,0,0,0,0
115,87,65,86,30,34,29,23,30,75,84,34,23,85,49,38,0,0,18,34,60,43,27,39,54,0,0,0,0,0,0,0,0
115,87,75,92,30,33,29,26,27,77,81,33,22,82,49,34,0,0,18,34,59,43,27,36,50,0,0,0,0,0,0,0,0
116,88,75,112,25,33,30,24,28,74,75,32,21,82,49,77,0,0,27,45,54,45,26,36,51,0,0,0,0,0,0,0,0
92,84,72,93,27,33,27,24,33,83,87,33,20,82,43,60,0,0,22,45,59,57,27,46,50,0,0,0,0,0,0,0,0
95,83,74,89,17,27,26,23,27,70,77,32,26,81,37,53,0,0,24,45,51,48,23,37,49,0,0,0,0,0,0,0,0
96,83,64,73,18,28,24,22,27,72,79,30,23,83,35,52,0,0,20,33,55,49,23,33,50,0,0,0,0,0,0,0,0
92,82,61,78,16,26,23,23,20,70,78,28,20,72,29,40,0,0,19,33,48,42,26,32,47,0,0,0,0,0,0,0,0
98,73,59,67,17,26,17,21,18,66,82,27,21,74,34,35,0,0,18,32,40,52,27,28,44,100,91,0,0,0,0,0,0
90,88,60,68,16,25,17,20,21,65,72,28,20,75,40,41,0,0,15,32,42,41,23,30,43,92,89,0,0,0,0,0,0
91,89,60,68,21,29,22,21,20,63,73,28,20,78,42,36,0,0,19,32,42,30,22,31,45,89,83,0,0,0,0,0,0
91,81,66,68,13,24,22,24,20,64,68,26,19,71,40,38,0,0,19,29,44,29,8,30,42,97,83,0,0,0,0,0,0
92,79,66,68,5,23,22,18,17,63,67,25,19,60,36,20,0,0,18,29,43,29,12,32,44,93,82,0,0,0,0,0,0
90,76,67,69,5,24,22,21,19,59,72,27,18,70,37,46,0,0,20,27,43,25,12,33,43,89,81,0,0,0,0,0,0
100,81,67,68,5,27,24,20,18,67,69,28,19,71,40,51,0,0,15,28,43,23,13,31,43,109,103,0,0,0,0,0,0
91,66,62,65,16,25,40,17,14,58,65,28,16,68,41,35,0,0,17,27,42,21,12,29,31,106,101,0,0,0,0,0,0
89,79,62,64,11,25,45,19,27,75,73,36,21,64,38,63,0,0,23,24,48,33,24,36,34,100,100,0,0,0,0,0,0
94,78,73,68,16,22,52,15,23,71,67,27,17,63,42,55,0,0,17,28,41,23,23,35,34,92,62,0,0,0,0,0,0
96,80,58,59,20,25,51,17,20,65,69,28,17,62,19,43,0,0,17,26,42,21,17,32,31,74,72,0,0,0,0,0,0
95,79,66,45,24,25,54,13,19,71,70,25,17,73,42,49,0,0,15,25,41,35,22,37,30,90,67,0,0,0,0,0,0
93,80,66,45,22,27,60,13,23,69,67,25,17,65,41,39,0,0,21,29,40,42,21,34,30,110,61,0,0,0,0,0,0
88,80,65,65,25,20,49,21,18,67,66,25,24,69,58,39,0,0,18,29,37,36,29,34,33,90,78,0,0,0,0,0,0
92,73,63,65,25,20,54,25,23,70,66,24,13,74,34,39,0,0,19,24,38,34,21,32,33,80,65,0,0,0,0,0,0
80,75,63,61,25,19,43,18,23,68,70,28,21,67,33,39,0,0,18,22,38,33,19,36,30,85,50,0,0,0,0,0,0
65,78,41,67,16,20,22,24,20,64,64,25,21,85,35,41,0,0,20,26,39,26,21,36,28,89,50,0,0,0,0,0,0
74,68,51,64,11,21,41,24,20,62,69,25,19,79,36,39,0,0,19,30,42,26,21,35,30,100,34,0,0,0,0,0,0
78,95,64,64,16,18,43,24,11,82,67,38,20,85,37,47,0,0,15,24,53,24,21,33,32,94,59,0,0,0,0,0,0
66,85,66,66,17,22,44,26,15,68,70,37,12,77,44,53,0,0,14,28,43,36,20,33,33,90,61,0,0,0,0,0,0
62,87,73,65,12,22,50,23,21,64,73,28,21,74,40,53,0,0,10,25,50,30,23,34,34,106,68,0,0,0,0,0,0
55,56,66,64,18,20,39,21,18,59,72,27,15,81,44,46,0,0,8,35,55,27,24,31,32,102,80,0,0,0,0,0,0
65,75,66,63,16,23,38,19,16,82,70,26,18,79,51,34,0,0,16,24,39,24,23,29,32,97,95,0,0,0,0,0,0
65,72,71,49,14,25,38,20,16,85,58,22,20,81,44,42,0,0,15,34,34,21,23,32,31,98,93,0,0,0,0,0,0
61,78,67,68,9,22,48,18,18,94,85,26,16,82,45,41,0,0,15,10,48,30,23,36,32,101,74,0,0,0,0,0,0
59,84,57,69,8,22,45,18,19,92,85,29,17,75,52,38,0,0,13,28,44,29,22,34,35,85,60,0,0,0,0,0,0
62,71,58,69,11,13,42,18,17,66,73,29,14,70,40,33,0,0,12,24,48,26,25,35,26,75,62,0,0,0,0,0,0
66,68,63,68,8,17,37,17,21,77,79,35,17,73,42,38,0,0,12,18,45,25,31,36,30,54,60,0,0,0,0,0,0
55,64,66,71,10,18,40,21,18,88,75,28,16,63,42,40,0,0,11,27,43,28,18,34,33,70,59,0,0,0,0,0,0
68,63,68,57,11,19,52,18,15,85,80,26,14,64,45,38,0,0,11,29,41,23,19,33,31,65,68,0,0,0,0,0,0
72,77,62,68,5,17,54,12,14,73,74,27,22,62,41,40,0,0,11,30,35,21,18,33,30,64,58,0,0,0,0,0,0
77,79,74,70,10,15,55,15,17,72,55,26,16,60,39,37,0,0,10,23,47,24,18,31,35,64,57,0,0,0,0,0,0
69,77,57,63,10,14,53,11,11,61,64,25,13,55,41,38,0,0,12,22,38,17,20,29,25,68,56,0,0,0,0,0,0
71,77,62,69,7,13,58,13,11,77,65,22,15,59,46,30,0,0,5,18,31,19,20,31,28,110,49,0,0,0,0,0,0
65,74,63,71,13,22,48,25,13,81,60,21,15,57,47,40,0,0,11,11,31,20,21,30,26,102,43,0,0,0,0,0,0
65,76,59,71,17,18,44,18,16,88,56,26,14,50,43,35,0,0,8,17,29,20,20,29,23,100,28,0,0,0,0,0,0
60,72,56,62,17,17,42,17,17,79,58,21,14,55,39,33,0,0,10,11,30,17,20,26,26,69,27,0,0,0,0,0,0
63,61,66,56,12,16,55,13,14,72,53,17,17,54,45,21,0,0,8,17,28,17,18,29,23,108,48,0,0,0,0,0,0
67,70,64,58,16,18,41,13,12,78,62,29,14,57,44,22,0,0,9,27,26,20,20,26,26,96,51,0,0,0,0,0,0
81,72,66,66,15,13,40,12,13,75,63,29,18,57,39,22,0,0,9,27,32,20,18,27,27,93,45,0,0,0,0,0,0
79,70,75,65,20,15,0,16,15,74,63,25,15,56,33,37,0,0,17,29,26,24,17,29,30,70,55,0,0,0,0,0,0
81,67,65,66,18,15,0,15,25,68,57,16,15,53,67,33,0,0,15,24,29,23,17,28,26,87,43,0,0,0,0,0,0
72,72,59,58,15,16,0,16,17,74,53,17,15,59,43,33,0,0,15,30,17,19,19,19,24,83,42,0,0,0,0,0,0
84,77,70,54,13,16,0,19,17,78,64,19,17,59,51,35,0,0,12,31,24,20,19,29,28,90,46,0,0,0,0,0,0
76,69,66,67,11,7,0,10,15,70,59,20,14,53,33,26,0,0,12,72,27,18,17,26,31,83,41,0,0,0,0,0,0
78,71,58,61,25,17,0,19,14,73,61,14,14,57,41,26,0,0,11,28,25,18,19,9,31,93,44,0,0,0,0,0,0
72,69,62,63,21,16,36,12,17,67,58,12,13,54,36,7,0,0,11,20,25,16,17,25,30,86,40,0,0,0,0,0,0
67,69,69,60,15,12,35,12,10,69,54,13,15,29,33,7,0,0,20,19,31,19,20,25,32,79,48,0,0,0,0,0,0
75,77,58,64,31,14,36,12,9,65,55,8,15,32,31,40,0,0,14,24,29,18,18,25,29,85,35,0,0,0,0,0,0
74,74,57,65,18,13,42,13,11,70,64,9,13,32,50,43,0,0,9,17,28,22,17,24,30,83,32,0,0,0,0,0,0
70,69,53,62,15,14,36,14,11,68,57,12,14,31,41,32,0,0,8,20,24,18,25,22,17,87,24,0,0,0,0,0,0
72,66,53,65,21,16,37,9,9,70,55,24,13,36,34,32,0,0,10,18,24,16,18,23,33,80,27,0,0,0,0,0,0
71,74,51,57,12,20,39,13,13,66,55,11,13,39,47,39,0,0,8,18,25,14,31,22,26,88,18,0,0,0,0,0,0
82,78,50,57,8,18,39,13,12,60,54,17,13,41,32,25,0,0,7,16,26,15,15,21,20,83,33,0,0,0,0,0,0
84,71,52,54,10,15,29,14,10,63,58,13,12,47,36,21,0,0,8,16,25,17,15,22,22,77,25,0,0,0,0,0,0
91,85,64,74,9,13,39,12,16,81,64,16,15,53,44,33,0,0,8,14,29,18,17,26,33,95,35,0,0,0,0,0,0
72,76,53,62,10,15,43,10,12,66,53,13,13,53,28,26,0,0,8,16,22,14,15,18,29,83,30,0,0,0,0,0,0
80,74,64,67,14,15,39,10,18,76,60,14,13,47,28,27,0,0,8,11,19,18,12,18,25,90,33,0,0,0,0,0,0
73,77,53,63,11,15,44,10,12,67,53,13,13,53,28,27,0,0,9,14,22,14,15,18,30,84,30,0,0,0,0,0,0
72,65,50,59,11,18,41,13,13,59,51,17,14,44,21,22,0,0,8,13,21,13,15,18,27,82,38,0,0,0,0,0,0
73,76,53,62,10,15,43,10,12,66,53,13,13,53,28,27,0,0,9,14,22,14,15,18,30,83,30,0,0,0,0,0,0
71,90,53,59,11,12,38,9,15,65,63,22,8,66,40,23,0,0,3,10,25,12,15,20,26,89,33,0,0,0,0,0,0
70,76,52,58,19,11,41,16,9,47,63,17,10,52,42,30,0,0,8,8,21,14,14,16,25,108,36,0,0,0,0,0,0
71,75,48,55,16,11,42,11,11,54,61,16,9,52,37,30,0,0,4,7,17,19,12,18,23,101,30,0,0,0,0,0,0
83,87,61,65,14,12,38,14,9,69,74,24,11,61,39,36,0,0,10,5,24,13,16,22,30,104,35,0,0,0,0,0,0
70,73,48,56,26,13,39,12,10,56,64,16,10,53,27,34,0,0,5,8,22,11,18,20,27,102,33,0,0,0,0,0,0
68,76,43,54,18,12,34,13,13,64,63,18,11,54,24,30,0,0,8,9,25,14,14,21,25,83,34,0,0,0,0,0,0
77,80,52,60,18,14,17,11,12,69,68,23,12,58,27,31,0,0,7,8,25,17,10,21,26,84,35,0,0,0,0,0,0
71,72,53,55,13,15,40,7,12,64,55,5,10,48,24,27,0,0,9,10,25,17,15,19,26,77,34,0,0,0,0,0,0
69,68,49,49,16,12,42,12,13,56,65,19,9,46,58,27,0,0,7,9,24,18,7,20,25,81,32,0,0,0,0,0,0
69,72,47,77,14,15,40,12,13,59,69,14,10,51,59,25,0,0,12,11,26,15,10,23,23,74,38,0,0,0,0,0,0
69,69,48,55,11,14,57,14,8,55,73,17,9,47,37,27,0,0,9,6,19,10,13,15,25,82,34,0,0,0,0,0,0
67,69,45,56,24,17,52,12,5,52,52,16,5,22,36,26,0,0,7,8,17,12,24,18,24,91,32,0,0,0,0,0,0
63,64,52,52,25,14,50,13,7,55,69,14,5,55,34,27,0,0,13,5,20,13,20,16,24,75,32,0,0,0,0,0,0
66,67,47,50,11,15,45,14,4,50,55,15,5,49,34,24,0,0,10,7,20,7,12,19,25,86,37,0,0,0,0,0,0
66,67,47,52,11,16,48,16,5,51,64,15,6,47,34,25,0,0,9,8,20,7,16,17,31,100,36,0,0,0,0,0,0
66,66,47,52,11,16,48,16,5,51,64,15,6,47,33,25,0,0,9,8,20,7,16,17,31,99,36,0,0,0,0,0,0
59,67,45,52,17,15,44,17,11,52,67,18,7,47,40,27,0,0,13,9,19,12,19,20,26,101,32,0,0,0,0,0,0
60,66,44,52,17,16,47,16,7,53,66,19,8,46,34,23,0,0,11,7,20,9,13,21,26,88,31,0,0,0,0,0,0
67,64,44,52,15,14,38,11,6,51,56,19,10,46,32,22,0,0,15,6,21,12,12,22,25,96,31,0,0,0,0,0,0
54,62,42,46,14,14,43,14,5,46,49,2,10,44,30,29,0,0,8,7,18,17,17,16,24,101,27,0,0,0,0,0,0
50,63,43,48,18,18,43,16,8,44,61,23,6,47,26,24,0,0,10,8,17,17,9,20,23,73,29,0,0,0,0,0,0
49,80,43,53,15,17,46,19,9,48,55,21,7,47,27,25,0,0,12,5,20,12,11,20,24,71,30,0,0,0,0,0,0
50,59,42,46,15,18,43,17,13,44,50,22,10,47,28,25,0,0,10,10,18,14,32,19,25,84,28,0,0,0,0,0,0
51,64,44,54,14,23,42,17,10,45,57,15,10,45,28,23,0,0,10,6,15,14,17,19,24,95,20,0,0,0,0,0,0
50,59,42,50,15,24,48,16,8,41,56,14,9,45,28,22,0,0,8,7,13,12,15,18,25,86,27,0,0,0,0,0,0
51,61,42,46,19,27,58,15,10,48,49,24,10,42,26,24,0,0,22,7,14,11,13,18,24,77,27,0,0,0,0,0,0
48,61,42,49,15,43,47,15,7,50,44,18,8,42,28,24,0,0,13,8,13,15,13,18,24,82,26,0,0,0,0,0,0
52,61,38,49,16,39,45,17,9,42,45,17,9,41,27,24,0,0,12,9,18,16,11,17,25,86,27,0,0,0,0,0,0
57,63,40,50,16,38,47,12,12,52,54,20,8,43,27,24,0,0,13,7,14,13,13,23,23,77,21,0,0,0,0,0,0
60,60,39,48,15,34,47,13,12,54,57,14,10,49,26,24,0,0,9,8,20,16,13,22,22,63,20,0,0,0,0,0,0
56,65,40,49,19,30,43,14,10,54,60,21,10,55,26,26,0,0,10,9,23,16,18,0,22,74,23,0,0,0,0,0,0
54,62,40,47,14,30,42,15,8,46,55,22,9,38,29,21,0,0,11,8,18,11,10,20,24,71,21,0,0,0,0,0,0
55,58,40,49,14,26,31,20,10,44,49,21,6,42,28,27,0,0,10,4,17,9,14,20,21,67,22,0,0,0,0,0,0
47,58,41,51,21,24,44,10,10,41,47,20,7,38,30,24,0,0,10,8,15,15,9,17,22,77,21,0,0,0,0,0,0
52,60,39,52,19,22,44,14,7,43,47,19,8,39,30,25,0,0,13,18,10,13,8,17,21,74,25,0,0,0,0,0,0
47,68,37,52,18,20,36,15,4,41,45,17,6,38,24,25,0,0,11,10,17,9,11,16,21,69,22,94,0,0,0,0,0
61,67,36,51,17,20,34,11,10,45,41,15,6,40,23,27,0,0,9,14,12,13,13,14,21,80,24,230,0,0,0,0,0
55,67,36,52,19,24,35,12,8,43,42,19,9,35,25,21,0,0,11,14,12,13,11,12,20,82,23,189,0,0,0,0,0
48,67,38,50,27,22,40,11,8,37,40,17,6,36,26,21,0,0,11,15,11,12,7,13,20,61,17,185,0,0,0,0,0
53,73,35,49,27,16,35,19,9,36,40,14,7,38,29,21,0,0,12,15,10,8,9,13,21,58,25,166,55,0,9,0,0
44,61,35,49,27,18,36,15,9,35,41,9,7,36,33,24,0,0,12,18,12,9,8,12,14,50,22,157,53,0,7,0,0
44,57,32,49,27,21,34,17,12,35,42,12,10,33,31,18,0,0,12,18,11,12,12,13,24,55,19,148,131,0,1,24,0
33,46,29,42,23,15,29,14,9,42,34,10,7,27,19,16,0,0,11,16,10,12,9,12,17,47,19,122,89,0,1,18,0
43,50,35,47,14,14,22,17,9,43,39,9,7,32,18,24,0,0,11,11,10,12,13,12,19,43,13,141,55,0,8,62,0
41,50,36,43,12,14,22,14,10,41,37,14,10,28,18,18,0,0,13,12,10,10,9,14,23,34,17,137,52,0,1,61,0
44,43,33,43,14,13,23,13,11,42,35,15,8,30,19,16,0,0,9,12,10,12,10,11,21,38,14,130,52,33,16,60,0
40,38,34,0,14,13,20,19,11,43,33,11,8,30,19,18,0,0,10,14,11,12,11,11,21,33,15,127,52,24,133,62,0
66,37,31,37,93,13,16,6,9,42,36,9,8,28,20,18,0,0,9,9,11,7,15,9,21,28,20,134,52,29,1,52,0
38,44,36,65,49,48,0,40,8,43,35,9,6,28,20,19,0,0,30,39,12,8,16,12,86,34,14,466,187,27,0,173,0
27,30,25,50,17,58,0,54,4,33,23,7,4,20,14,13,0,0,34,44,8,6,11,6,44,26,10,465,208,98,2,173,0
29,34,30,58,41,47,0,43,4,41,26,6,5,22,17,15,0,0,35,38,8,3,11,8,13,28,13,369,199,132,3,54,105
29,31,28,52,71,43,0,39,5,41,28,9,6,25,19,13,0,0,34,43,9,9,12,7,13,22,9,368,219,157,8,85,64
30,29,27,51,59,35,0,45,6,39,27,13,7,23,12,15,0,0,37,39,7,10,10,8,11,23,9,368,177,164,13,201,50
30,29,28,51,67,31,0,48,5,39,28,11,7,23,12,15,0,0,30,41,7,9,12,7,15,20,9,350,151,132,3,386,52
36,36,32,56,35,37,0,39,8,48,35,18,8,26,13,19,0,0,50,30,9,10,13,9,18,27,11,341,129,87,1,328,53
38,37,31,54,37,32,0,43,6,50,33,18,8,23,16,16,0,0,49,27,9,13,14,10,19,24,10,311,121,128,1,282,56
38,35,29,51,36,23,23,48,8,44,32,22,7,22,18,14,0,0,45,27,10,14,12,8,14,20,9,320,138,141,1,288,60
29,27,23,41,48,47,74,63,8,34,23,14,6,16,13,11,0,0,54,42,9,8,11,7,11,19,8,435,159,178,0,502,50
33,35,32,55,38,35,44,51,12,43,31,19,7,20,17,15,0,0,36,38,13,11,12,9,16,19,9,290,140,104,0,268,50
38,35,32,57,39,32,50,40,8,42,31,15,7,20,16,15,0,0,33,37,10,9,8,9,15,19,9,281,134,49,0,256,56
39,38,31,56,49,35,38,42,9,41,34,16,7,19,16,15,0,0,33,31,10,12,9,9,16,0,10,274,134,50,0,233,143
34,34,32,53,44,39,54,53,8,37,30,15,6,17,13,12,0,0,44,42,8,10,8,8,11,16,10,374,136,55,0,294,208
38,34,33,56,15,11,14,15,9,38,29,15,6,20,11,14,0,0,15,12,10,11,8,8,11,22,11,103,50,13,0,85,101
39,30,31,53,12,8,11,11,8,36,27,15,5,17,10,13,0,0,11,8,7,8,7,7,10,18,9,84,38,11,0,69,94
39,32,27,52,10,8,11,9,8,36,26,16,5,16,9,16,0,0,9,10,9,8,6,9,11,16,11,76,35,14,0,65,95
40,37,34,60,9,7,11,9,12,37,27,17,6,21,10,16,0,0,6,7,11,10,6,10,14,19,11,62,29,18,0,60,88
35,32,28,52,9,9,11,13,8,31,25,14,7,15,9,15,0,0,5,9,9,10,6,7,12,16,10,71,35,19,0,70,75
38,22,30,50,20,9,8,12,9,38,26,14,6,17,10,13,0,0,5,10,10,10,6,8,12,16,11,74,42,18,0,72,73
38,19,29,48,12,8,8,13,18,37,24,14,7,16,9,19,0,0,4,9,10,10,5,8,9,18,9,67,51,13,0,70,76
41,20,28,50,13,9,8,10,5,34,25,14,8,16,10,19,0,0,4,10,10,9,5,7,11,16,8,69,49,12,0,71,78
39,19,28,48,13,9,7,11,5,30,23,14,7,18,9,17,0,0,4,10,9,11,7,7,10,14,9,65,46,13,0,70,76
37,22,29,54,19,8,9,10,5,28,22,13,6,17,9,20,0,0,7,9,10,12,7,8,13,13,10,55,37,19,0,57,72
37,30,27,53,13,8,14,9,4,26,22,11,6,15,9,15,0,0,9,10,10,13,6,6,10,11,9,63,45,21,0,67,73
36,31,24,48,8,10,14,9,5,24,24,11,6,15,9,16,0,0,8,11,11,12,7,6,10,11,9,64,48,23,0,71,76
38,24,22,41,14,14,19,13,4,19,23,9,5,12,11,15,0,0,11,13,7,11,8,6,12,10,7,47,57,17,0,49,83
48,29,26,50,10,8,14,9,6,23,31,12,7,13,9,17,0,0,6,10,13,11,12,6,16,16,8,127,39,23,0,63,61
9,31,24,52,11,8,13,8,6,22,32,13,7,15,8,20,0,0,6,10,12,12,10,7,13,14,9,67,36,18,0,64,60
46,31,23,49,12,7,12,7,6,19,33,11,8,16,7,22,0,0,6,8,13,11,10,18,12,14,8,66,33,10,0,60,56
32,27,21,47,16,9,15,10,5,18,29,12,6,16,8,18,0,0,8,6,12,13,7,33,11,12,8,61,37,9,0,54,53
35,28,24,48,10,7,13,10,5,19,30,13,7,16,7,19,0,0,6,5,13,11,7,36,11,11,7,63,35,10,0,56,43
36,31,25,47,9,7,15,11,5,19,32,11,6,14,10,19,0,0,7,5,12,11,8,25,12,11,6,63,35,9,0,56,41
35,29,23,44,11,6,12,10,6,19,31,13,6,19,7,18,0,0,6,6,12,12,9,10,14,12,7,62,31,10,0,55,32
35,29,24,47,11,6,10,10,5,8,32,12,6,20,6,18,0,0,6,8,12,14,9,10,13,13,8,60,28,10,0,56,29
34,32,22,47,11,6,12,10,6,15,31,14,7,17,6,16,0,0,6,8,12,12,8,8,16,12,6,58,32,10,0,49,34
34,29,23,42,9,6,12,11,5,15,30,16,6,17,7,16,0,0,6,9,11,11,9,7,13,10,7,56,31,10,0,43,32
34,25,24,41,11,6,11,11,6,15,29,14,6,17,6,16,0,0,6,9,11,10,10,7,14,10,7,55,30,8,0,43,30
33,27,20,40,14,6,13,11,7,14,29,14,6,14,6,16,0,0,6,7,10,10,8,7,14,10,5,52,30,8,0,38,29
33,28,20,40,11,5,9,11,7,15,30,17,8,14,5,16,0,0,5,8,12,10,9,6,15,10,8,51,27,7,0,42,13
34,27,20,39,11,5,10,10,6,15,31,16,7,20,7,13,0,0,5,9,12,14,8,6,15,10,9,48,24,7,0,44,15
35,28,21,36,13,7,11,13,6,15,32,15,7,22,10,14,0,0,7,11,12,15,8,6,14,12,8,44,25,8,0,45,22
33,28,20,31,14,9,15,16,6,14,27,16,6,18,12,14,0,0,4,14,11,15,7,6,13,8,8,44,31,7,0,34,32
34,27,19,30,15,9,14,16,7,14,27,17,7,20,7,15,0,0,6,14,11,12,6,6,12,11,7,40,29,9,0,32,31
34,27,20,34,10,7,14,15,6,15,27,17,7,18,7,14,0,0,7,11,12,13,6,7,11,8,6,41,27,7,0,34,37
34,27,22,30,8,7,13,16,6,15,30,19,6,22,8,12,0,0,10,12,12,13,6,7,11,11,8,42,26,9,0,37,34
33,25,21,34,9,7,13,15,5,14,28,16,6,19,5,11,0,0,10,12,11,11,6,7,10,10,7,46,26,8,0,39,31
32,27,18,40,9,9,13,14,4,15,24,15,7,15,9,11,0,0,9,11,9,10,4,7,12,9,5,46,25,7,0,37,24
33,25,18,28,9,8,13,13,5,15,24,17,6,15,10,13,0,0,10,10,10,11,4,6,11,8,7,44,25,6,0,37,23
31,22,17,35,9,6,9,12,8,14,23,16,8,19,11,13,0,0,9,9,9,7,4,7,12,7,7,42,23,8,0,36,20
32,20,15,23,22,7,15,15,6,14,26,16,7,14,9,12,0,0,10,13,8,8,6,7,11,5,7,45,29,8,0,34,21
31,20,14,43,31,7,14,15,6,14,26,15,7,17,7,13,0,0,9,8,8,8,6,6,9,13,8,43,29,5,0,34,18
30,19,13,42,13,8,12,16,6,13,25,14,8,18,11,11,0,0,9,15,8,8,5,5,10,14,8,41,31,5,0,33,22
31,19,17,41,12,7,11,15,5,14,25,15,10,15,15,10,0,0,7,14,9,8,5,5,10,12,7,41,29,6,0,34,19
32,18,17,42,16,6,11,13,8,14,25,15,10,16,12,11,0,0,6,13,7,7,4,6,10,10,6,40,25,0,0,34,18
32,23,18,43,20,7,12,15,8,14,25,16,8,16,8,10,0,0,11,14,7,7,4,2,8,9,9,41,27,0,0,34,19
30,25,16,41,20,7,12,19,8,13,22,15,7,16,6,9,0,0,11,12,8,8,4,4,8,10,11,38,28,5,0,31,20
29,22,16,39,17,8,11,17,7,13,20,14,7,17,5,9,0,0,10,11,10,8,4,5,8,9,6,40,27,6,0,29,17
29,18,15,35,17,6,10,17,6,13,19,14,8,19,6,8,0,0,10,13,9,8,4,5,7,9,6,34,26,8,0,28,16
30,18,15,39,7,7,12,20,7,14,19,15,5,19,10,10,0,0,9,10,9,8,4,4,6,9,7,36,28,6,0,27,17
30,18,15,34,5,6,14,20,6,13,18,15,5,18,7,9,0,0,9,14,9,7,4,3,6,9,5,32,28,7,0,25,15
0,0,0,0,21,17,20,50,0,0,0,0,0,0,20,0,0,0,19,33,0,0,0,0,0,0,0,0,62,0,0,0,32
30,17,15,37,11,6,8,17,6,13,18,14,7,14,6,9,0,0,8,16,9,6,5,4,8,13,6,33,24,6,0,27,14
30,18,14,36,19,6,7,18,5,13,17,13,8,15,7,9,0,0,6,13,8,8,4,4,8,10,7,31,23,7,0,28,15
28,13,13,33,17,6,8,17,6,12,16,13,6,14,6,8,0,0,6,11,8,6,4,4,6,10,6,26,23,5,0,25,21
28,18,14,35,15,5,10,16,6,12,17,13,8,14,10,7,0,0,6,10,8,6,5,5,8,11,5,19,24,5,0,25,23
44,33,23,54,1,0,1,1,8,19,26,19,13,24,0,12,0,0,0,1,10,10,8,7,14,16,0,51,1,9,0,41,1
23,22,15,36,15,6,6,15,6,12,16,13,9,15,7,8,0,0,5,7,10,6,4,4,9,10,0,30,19,5,0,24,19
31,25,16,43,13,5,4,8,8,14,19,16,9,18,5,9,0,0,4,6,11,7,5,5,10,12,1,34,14,4,0,23,13
27,19,16,38,13,5,9,11,10,13,17,13,9,19,3,9,0,0,4,10,8,7,5,4,8,12,6,31,17,7,0,26,14
33,21,19,41,11,4,5,9,9,13,19,13,9,23,4,9,0,0,3,8,8,7,6,5,11,13,6,34,14,8,0,28,10
26,17,14,36,13,5,6,14,5,11,15,14,8,10,8,8,0,0,8,13,7,5,4,4,8,11,5,27,21,7,0,18,15
27,19,13,35,12,5,6,13,5,12,11,10,9,6,1,9,0,0,6,13,8,5,3,3,8,10,5,29,20,5,0,10,15
26,17,13,32,13,5,7,13,8,11,9,11,8,12,10,7,0,0,9,11,7,6,3,2,9,10,6,29,18,3,0,12,16
28,18,14,28,8,4,3,10,10,13,10,14,10,18,10,8,0,0,5,7,7,8,5,3,10,12,7,30,14,4,0,25,11
30,16,14,35,6,3,4,6,9,14,11,15,12,23,4,9,0,0,5,5,7,5,7,4,9,12,7,28,11,4,0,27,5
22,13,13,25,9,5,5,8,6,12,9,12,10,17,6,8,0,0,10,8,6,5,8,3,7,10,6,22,18,5,0,23,11
25,16,12,18,7,4,5,10,6,12,13,12,6,16,2,8,0,0,6,9,6,6,6,2,7,9,6,21,17,5,0,25,10
29,14,11,17,8,4,8,11,5,12,14,13,4,14,3,8,0,0,3,10,6,6,5,2,9,3,7,14,19,4,0,22,10
33,14,11,17,8,4,7,11,9,14,15,11,7,16,4,8,0,0,5,10,7,6,7,2,7,10,7,7,18,4,0,21,10
30,14,9,16,8,4,5,10,11,15,14,14,9,17,3,9,0,0,8,9,7,5,8,3,6,8,8,10,15,3,0,21,9
25,14,11,27,9,3,6,4,9,13,13,9,7,15,4,7,0,0,6,9,6,4,7,2,7,8,6,15,15,4,0,19,10
24,14,10,28,12,4,6,10,9,14,13,10,7,17,4,7,0,0,5,8,5,5,9,4,10,9,5,18,15,5,0,19,9
23,13,11,24,20,9,0,9,4,0,14,10,8,17,6,7,0,0,4,9,5,4,9,3,8,9,5,17,17,0,0,14,10
22,12,10,23,18,9,6,10,7,11,14,10,8,13,5,2,0,0,11,12,7,4,8,1,8,7,5,22,18,5,0,17,10
22,14,10,31,14,7,4,19,7,9,13,8,7,14,5,3,0,0,9,12,5,2,6,3,8,6,5,24,17,5,0,22,10
20,8,9,32,14,8,4,17,7,8,12,7,5,12,4,4,0,0,7,11,5,2,6,8,7,8,6,27,18,2,0,20,10
22,10,10,37,7,8,5,17,12,8,13,10,8,10,4,5,0,0,7,11,7,2,4,8,8,9,6,23,18,0,0,21,9
19,11,10,33,3,7,8,13,6,10,14,12,8,18,3,7,0,0,6,9,7,6,3,5,7,13,5,21,16,4,0,20,8
22,9,10,36,2,7,9,12,3,10,13,13,11,25,8,8,0,0,6,8,6,11,3,3,9,13,5,22,15,7,0,23,7
21,8,9,27,10,6,13,16,0,23,9,11,5,23,10,7,0,0,6,8,5,9,1,7,7,9,5,20,15,11,0,22,7
23,7,10,24,10,7,10,13,3,37,11,11,4,23,5,7,0,0,5,6,5,9,2,9,7,9,4,21,15,11,0,22,5
19,7,8,21,16,9,9,16,5,34,12,11,6,20,6,6,0,0,4,7,5,8,2,8,8,9,2,19,18,10,0,17,6
22,7,7,21,14,9,10,15,5,33,12,2,7,20,6,5,0,0,3,6,4,8,4,8,10,14,2,18,19,10,0,17,8
29,14,8,26,10,12,8,12,4,40,19,8,6,24,9,7,0,0,3,5,0,10,3,10,0,5,2,20,15,0,0,22,6
33,15,9,21,13,14,10,13,0,31,29,7,7,21,5,7,0,0,2,5,0,8,0,7,0,7,4,21,13,0,0,25,3
38,12,9,32,11,12,9,11,0,13,34,8,10,17,4,6,0,0,3,6,6,7,0,3,12,8,4,20,11,10,0,25,2
42,9,8,56,15,16,10,12,19,47,29,10,7,14,11,5,0,0,3,5,14,6,2,2,12,10,2,19,12,30,0,21,12
49,11,9,54,15,26,10,13,14,30,40,12,10,17,8,8,0,0,3,6,15,8,2,4,13,10,2,20,13,21,0,20,5
38,15,9,40,17,22,10,12,7,20,47,14,9,16,4,7,0,0,3,4,15,0,1,3,12,7,2,24,14,16,0,19,5
32,13,8,44,13,30,11,13,7,18,53,17,9,17,4,7,0,0,4,4,16,7,0,3,8,7,1,30,13,19,0,20,16
28,14,7,30,14,27,12,13,4,16,50,10,8,15,7,6,0,0,3,4,18,0,0,4,13,5,1,32,9,21,0,22,9
32,17,7,30,15,15,11,11,14,17,54,11,6,17,32,7,0,0,3,5,16,0,0,5,10,11,1,34,9,29,0,20,7
30,18,6,36,16,17,11,12,9,0,65,30,9,19,37,6,0,0,3,4,17,0,0,3,11,12,1,31,22,31,0,23,8
35,19,9,45,11,15,13,4,9,0,62,32,10,20,3,8,0,0,3,4,18,0,2,1,12,8,2,14,14,33,0,24,6
32,19,8,28,11,20,15,17,6,0,43,16,11,14,2,7,0,0,5,4,83,7,7,3,17,7,3,12,11,26,0,18,6
28,19,7,24,13,20,17,11,0,0,26,6,7,9,3,7,0,0,6,4,57,2,13,4,9,8,2,4,13,13,0,7,9
8,23,10,12,15,27,15,25,1,0,18,5,5,15,6,5,0,0,4,6,8,0,0,0,3,5,2,13,10,9,0,0,10
4,25,17,16,19,21,11,15,0,0,16,6,8,12,14,6,0,0,6,4,7,0,1,0,2,8,2,20,2,9,0,0,9
0,24,22,15,7,16,9,14,3,0,19,4,7,7,15,8,0,0,4,4,10,0,2,0,4,6,2,29,2,0,0,20,7
0,21,22,14,8,17,17,31,1,0,23,5,7,6,14,8,0,0,3,3,7,0,0,0,3,5,2,32,0,0,0,8,9
5,27,17,6,17,20,9,43,12,0,22,0,6,6,11,8,0,0,13,5,4,0,0,0,1,8,2,32,0,12,0,6,16
12,33,5,5,21,20,14,32,8,0,20,0,6,8,16,5,0,0,3,1,6,0,0,5,0,6,2,35,0,13,0,4,6
0,38,5,0,19,14,12,32,5,7,29,0,11,11,11,14,0,0,13,4,7,0,7,5,4,0,0,44,0,15,0,8,12
0,28,0,0,16,18,15,42,0,13,26,0,13,10,16,13,0,0,15,15,4,5,3,3,3,0,0,31,0,13,0,3,9
5,18,0,6,14,23,5,61,0,7,17,0,12,3,26,12,0,0,21,18,0,6,0,3,9,0,5,19,0,12,0,0,9
2,11,6,6,8,19,5,31,0,5,14,0,10,0,16,11,0,0,17,16,2,4,0,8,9,0,1,11,0,11,0,0,0
8,20,6,13,18,23,16,48,0,2,15,0,7,7,34,15,0,0,11,19,0,2,5,9,1,3,3,19,0,11,0,0,12
4,22,6,21,16,15,16,39,0,3,10,0,3,4,35,13,0,0,13,23,1,0,3,0,1,7,6,20,0,1,0,0,12
6,17,14,9,14,17,22,30,9,2,10,0,3,140,30,17,0,0,17,17,0,0,3,0,0,8,6,11,0,0,0,0,9
4,15,0,31,11,17,27,28,0,4,17,0,0,61,34,12,0,0,4,17,7,0,9,0,4,11,8,12,0,0,0,0,13
11,22,6,21,15,9,17,26,0,0,19,0,0,7,25,11,0,0,12,17,10,10,5,4,8,6,5,7,14,11,0,0,17
11,16,11,14,16,5,22,25,11,0,15,0,0,16,13,12,0,0,15,1,13,9,4,8,7,10,9,3,13,16,0,0,9
3,0,6,10,10,9,31,13,12,0,18,0,0,12,13,10,0,0,12,8,21,7,3,1,1,9,6,4,14,13,0,0,8
0,24,6,7,8,4,19,12,12,0,18,0,0,12,34,9,0,0,8,13,24,6,0,6,0,9,6,3,15,12,0,6,7
0,24,6,6,11,4,21,13,12,0,18,0,3,12,38,9,0,0,8,15,24,6,0,6,0,9,5,3,17,12,0,6,2
0,26,5,3,7,4,20,12,13,0,20,0,4,15,37,10,0,0,8,14,18,4,0,0,0,10,0,3,16,7,0,8,0
0,23,5,2,9,7,24,16,11,0,10,0,7,13,28,8,0,0,6,4,11,2,0,0,0,9,0,3,19,2,0,7,0
7,35,6,0,9,14,8,16,8,0,21,0,11,5,19,5,0,0,5,4,12,0,0,0,0,9,0,7,13,3,0,2,0
1,25,9,1,12,16,8,19,12,0,10,0,8,13,20,3,0,0,6,6,25,4,0,0,2,5,0,6,15,5,0,4,0
0,23,9,1,12,15,8,18,14,0,7,0,7,11,16,3,0,0,4,6,20,4,0,0,1,5,0,11,14,5,0,4,0
19,22,10,1,13,13,8,20,25,0,11,0,4,11,21,5,0,0,4,6,15,5,0,6,0,6,0,6,11,6,0,3,0
9,20,9,2,11,11,6,16,27,0,11,0,2,12,16,4,0,0,3,3,17,5,4,5,0,4,0,5,9,7,0,4,0
9,19,12,2,14,14,9,22,11,25,6,0,6,11,21,2,0,0,5,10,16,6,16,4,0,3,0,6,9,4,0,3,9
15,27,9,8,13,16,9,6,9,23,11,0,3,11,20,0,0,0,8,9,16,15,2,3,0,2,0,8,7,4,0,4,11
13,25,8,3,13,12,8,4,10,18,0,0,2,11,19,2,0,0,4,7,16,31,5,8,0,4,4,9,8,1,0,4,20
15,31,15,6,12,10,10,2,11,15,11,0,3,10,15,4,0,0,0,7,13,27,4,4,0,3,4,11,8,1,0,4,17
14,33,17,7,12,12,9,6,5,14,7,0,6,10,15,2,0,0,1,6,12,30,7,11,0,3,4,10,11,1,0,9,8
17,31,15,7,14,11,9,10,13,7,6,0,3,13,16,0,0,0,1,7,3,28,10,6,0,5,3,8,7,2,0,9,13
16,34,16,4,12,10,9,9,15,5,9,0,4,17,17,0,0,0,3,7,4,14,8,7,0,6,2,9,6,2,0,5,5
14,36,10,0,12,9,7,9,7,12,8,0,5,13,15,35,0,0,6,6,11,13,8,12,0,6,3,8,7,3,0,3,5
3,31,11,0,13,8,6,3,11,12,5,0,7,14,15,29,0,0,6,6,10,13,12,4,0,6,4,10,8,2,0,3,16
10,38,16,0,13,7,8,0,10,10,5,0,7,11,11,21,0,0,4,8,11,12,16,11,0,6,4,9,8,2,0,10,15
4,37,11,0,14,8,10,4,12,8,12,0,6,9,13,27,0,0,4,10,8,13,14,5,0,6,6,10,9,3,0,12,13
13,29,6,0,13,10,10,3,8,6,11,0,7,10,18,15,0,0,3,10,8,13,11,4,0,5,10,8,7,1,0,13,13
16,31,10,0,14,9,9,6,9,7,9,0,6,12,17,20,0,0,2,9,10,15,11,8,0,5,3,11,8,0,0,18,10
16,27,9,0,14,11,8,5,9,5,8,0,5,11,19,16,0,0,6,10,9,12,8,8,0,6,2,9,10,1,0,15,15
14,24,9,0,12,7,7,3,9,5,1,0,3,9,16,12,0,0,5,9,9,13,6,7,0,6,2,10,8,2,0,16,11
12,23,10,0,13,7,6,8,15,5,2,0,7,9,14,13,0,0,4,9,9,13,9,5,0,5,5,9,5,3,0,18,8
17,27,12,0,5,3,3,4,13,7,7,0,7,11,6,21,0,0,1,3,12,16,11,8,0,7,4,12,2,3,0,16,3
13,21,9,0,15,12,8,12,9,5,7,0,3,5,19,14,0,0,2,8,8,12,9,5,0,5,4,1,5,2,0,10,10
15,26,9,0,13,13,8,9,9,3,7,0,7,7,17,15,0,0,5,8,9,12,13,6,0,5,4,8,5,2,0,11,9
18,32,10,0,4,8,7,7,12,3,11,0,7,9,10,17,0,0,3,5,10,13,13,8,0,6,5,9,3,2,0,12,6
15,28,8,0,8,11,9,12,13,3,5,0,3,5,18,14,0,0,3,9,7,10,12,13,1,4,11,9,4,2,0,9,15
16,26,9,0,12,10,13,10,13,4,3,0,4,2,17,17,0,0,2,8,7,14,14,14,1,5,18,9,3,3,0,11,16
16,33,10,0,11,9,21,10,21,6,4,0,2,3,10,20,0,0,2,6,8,15,12,14,14,6,16,9,3,4,0,10,14
11,34,8,0,11,8,8,11,21,8,17,0,1,4,9,21,0,0,0,3,8,14,9,14,19,7,12,19,2,4,0,9,7
7,30,7,9,7,9,5,10,21,8,16,0,1,4,11,26,0,0,2,1,8,14,9,12,19,8,11,33,3,4,0,9,10
10,28,7,14,14,7,9,14,15,5,12,0,2,7,13,25,0,0,5,1,7,13,8,11,14,3,10,29,10,3,0,11,12
11,23,7,9,12,9,12,14,12,5,11,0,2,7,14,18,0,0,7,2,6,14,9,16,15,4,11,30,10,4,0,11,11
10,26,5,10,11,5,9,11,13,6,5,0,2,10,15,10,0,0,9,6,5,20,9,16,14,4,11,18,10,4,0,15,13
10,26,19,10,15,8,9,11,3,6,5,0,2,13,15,10,0,0,9,3,5,20,9,15,15,5,8,19,9,4,0,16,16
10,24,14,9,14,9,9,12,0,7,5,0,7,11,13,12,0,0,9,0,12,20,14,16,15,5,9,19,7,4,0,16,12
12,23,14,10,6,5,5,6,0,8,5,0,9,10,7,18,0,0,5,0,15,22,15,17,16,4,10,22,4,4,0,17,6
10,27,9,11,8,10,7,9,0,6,9,0,10,8,10,18,0,0,4,0,10,18,13,16,8,4,9,21,7,4,0,15,12
11,34,12,13,7,7,6,7,12,9,16,0,11,14,9,20,0,0,5,3,12,17,14,18,13,4,11,27,6,4,0,15,16
9,37,7,12,7,10,10,11,16,4,19,0,7,7,10,18,0,0,7,4,6,21,11,16,15,3,8,25,7,0,0,14,18
9,23,6,13,8,10,8,13,14,4,16,0,6,3,10,4,0,0,9,4,8,20,12,18,14,2,8,28,10,4,0,14,21
9,19,8,13,7,11,9,14,20,4,16,0,9,12,12,4,0,0,10,5,7,18,16,22,12,2,7,27,13,7,0,13,24
8,18,8,13,7,9,8,14,16,4,17,0,8,13,11,9,0,0,9,5,6,18,14,16,15,2,7,19,12,1,0,19,20
12,22,6,12,9,8,8,14,15,4,17,0,7,6,12,18,0,0,8,1,3,16,12,15,14,6,12,13,13,1,0,18,23
10,19,7,11,10,8,10,13,14,4,15,0,10,5,11,15,0,0,5,4,2,18,10,13,11,5,11,13,12,1,0,14,19
10,13,6,39,9,9,9,11,11,7,14,0,7,5,8,14,0,0,7,5,3,17,10,21,11,5,10,13,7,1,0,7,9
8,10,7,22,9,8,9,13,9,7,12,0,5,4,5,12,0,0,9,5,12,17,11,18,11,5,8,13,6,1,0,10,9
8,12,6,19,9,7,5,24,12,7,9,0,7,12,9,14,0,0,4,17,24,17,11,17,12,7,11,14,5,1,0,5,8
9,12,5,15,9,14,7,23,13,7,14,0,7,16,11,16,0,0,3,16,13,18,11,17,11,4,11,14,6,5,0,10,9
9,15,6,17,9,8,6,18,8,4,12,0,9,14,11,22,0,0,6,12,8,17,11,18,12,2,12,20,5,5,0,12,10
11,15,6,16,9,11,7,22,11,4,12,0,8,12,15,13,0,0,6,17,10,16,11,12,9,2,11,23,4,4,0,14,12
7,15,6,17,11,11,5,19,11,4,12,0,8,13,11,24,0,0,5,14,10,16,10,10,8,5,11,23,4,4,0,13,17
33,17,7,16,11,8,4,14,14,5,12,0,7,14,8,25,0,0,5,12,10,16,11,10,7,4,12,25,4,2,0,15,18
41,14,8,14,7,6,4,10,13,6,14,0,9,14,15,21,0,0,4,10,12,19,12,10,9,6,13,22,5,4,0,15,13
21,10,6,13,9,8,5,12,11,4,10,0,7,14,17,23,0,0,5,11,9,15,11,14,8,5,9,13,6,24,0,12,16
17,11,8,15,7,5,4,12,12,3,12,0,10,17,12,26,0,0,4,8,10,18,13,22,7,6,10,14,6,24,0,17,14
19,10,6,17,7,5,4,10,12,3,12,0,7,18,6,20,0,0,3,10,11,20,12,15,6,3,9,14,6,22,0,17,14
19,10,6,15,8,8,4,9,12,3,12,0,7,16,6,19,0,0,4,9,9,16,9,17,6,3,9,15,3,20,0,18,13
19,10,4,13,6,6,4,10,11,2,11,0,10,12,8,16,0,0,5,10,9,15,9,19,7,3,11,11,5,18,0,16,18
17,12,4,11,9,6,5,11,12,2,11,0,9,12,9,22,0,0,6,13,8,35,9,20,2,3,9,10,10,16,0,13,15
18,12,5,10,8,4,3,12,8,2,10,0,9,12,9,22,0,0,5,12,9,29,10,21,6,5,8,9,7,15,0,12,11
14,12,5,12,9,7,3,14,12,2,11,0,11,13,9,29,0,0,6,13,11,30,11,22,6,3,9,16,8,15,0,14,13
18,15,5,13,8,12,3,13,17,7,10,0,11,13,8,27,0,0,6,17,10,25,12,21,6,3,11,15,5,18,0,14,15
17,12,6,15,8,11,3,12,15,11,11,0,9,13,6,20,0,0,4,14,10,27,9,19,5,4,9,16,3,15,0,15,14
16,14,3,16,10,7,3,12,17,7,11,0,9,14,5,0,0,0,3,13,9,28,5,20,5,4,9,16,9,14,0,16,11
16,13,3,9,11,6,3,10,16,5,10,0,11,16,7,0,0,0,3,9,8,28,9,22,6,4,7,17,8,14,0,18,9
16,12,6,15,12,6,6,10,16,7,10,0,9,15,8,0,0,0,3,10,9,26,11,21,3,3,9,16,5,14,0,17,10
15,11,5,14,13,5,9,12,19,8,9,0,9,15,9,0,0,0,3,10,9,28,14,17,4,5,11,14,4,16,0,16,10
16,11,5,15,7,5,10,13,26,12,9,0,8,18,9,0,0,0,5,12,9,26,12,18,2,6,11,15,4,15,0,18,10
8,5,2,6,13,8,15,20,12,5,4,0,4,9,14,0,0,0,8,19,4,12,5,9,2,3,5,7,7,7,0,9,17
17,11,6,14,9,6,5,10,22,11,9,0,9,20,8,0,4,0,4,10,7,28,11,22,4,8,8,11,2,12,0,18,9
18,9,6,11,10,6,5,10,19,12,13,0,9,20,8,0,9,0,4,8,8,30,17,23,5,4,7,11,7,11,0,14,9
19,19,6,13,4,2,2,3,23,12,10,0,10,19,2,0,10,0,1,3,7,28,17,24,7,6,8,11,3,14,0,12,3
24,21,5,18,3,2,2,2,28,10,9,0,16,23,2,0,6,0,1,3,9,32,17,32,8,8,12,12,2,17,0,15,2
18,11,3,16,7,5,10,6,22,9,8,0,13,18,4,0,6,0,3,8,6,22,14,23,4,5,11,10,3,14,0,11,6
18,7,3,14,6,4,13,6,21,11,7,0,13,15,4,0,23,0,2,7,6,21,8,23,5,5,11,13,2,15,0,13,5
17,10,8,14,6,5,14,6,22,10,7,0,11,18,5,0,20,0,0,7,4,25,11,19,4,7,9,16,3,14,0,17,5
14,16,2,14,9,8,18,8,19,10,5,0,9,21,10,0,17,0,0,8,7,20,12,19,6,8,8,11,7,15,0,22,7
17,17,5,14,10,9,20,6,24,6,5,0,12,24,7,0,20,0,0,10,8,27,12,23,6,3,7,10,4,16,0,22,5
16,17,3,12,11,10,20,7,24,9,5,0,13,26,7,0,18,0,0,10,12,26,9,26,6,2,7,10,4,15,0,20,6
17,17,3,12,8,9,18,6,25,13,5,0,13,27,6,0,19,0,0,9,10,27,12,27,6,2,7,10,4,16,0,22,5
17,17,3,11,11,10,14,6,25,13,5,0,12,22,7,0,19,0,0,10,9,26,14,24,6,2,7,10,4,16,0,16,5
17,17,3,13,11,10,18,6,23,12,5,0,12,13,7,0,19,0,0,10,11,27,16,25,7,2,7,10,4,15,0,16,6
19,19,3,17,8,7,13,4,22,12,8,0,12,14,5,0,22,0,0,7,13,31,16,29,7,2,8,11,3,13,0,22,4
18,17,3,15,10,9,17,6,20,12,7,0,11,13,7,0,17,0,0,10,12,29,16,27,7,2,7,10,4,13,0,21,5
19,12,3,16,10,4,8,8,22,13,7,0,11,13,6,0,7,0,0,9,13,30,17,28,7,2,8,11,3,13,0,21,6
17,13,3,16,12,4,6,9,21,11,7,0,10,13,5,0,6,0,2,10,11,29,16,27,7,3,9,12,3,12,0,20,8
16,18,3,16,8,4,6,8,15,0,7,0,7,13,5,0,9,0,3,12,13,29,11,15,9,4,9,12,4,13,0,20,7
20,15,1,16,8,6,5,8,13,12,6,0,6,13,4,0,11,0,3,12,14,30,10,14,10,4,9,12,4,12,0,20,6
18,12,0,16,9,5,6,8,11,11,4,0,11,14,6,0,9,0,3,14,11,38,10,17,7,6,9,11,5,11,0,22,5
16,12,6,11,9,4,13,6,11,10,3,0,8,7,9,0,5,0,3,15,12,22,14,17,8,5,9,7,4,7,0,17,6
16,14,6,11,11,4,13,6,12,7,5,0,11,5,11,0,5,0,0,16,14,18,13,14,9,4,8,7,3,6,0,16,9
18,15,19,11,11,5,8,8,14,8,5,0,12,6,8,0,8,0,0,17,16,18,14,15,9,7,9,7,3,4,0,18,11
17,11,11,11,11,3,7,7,13,8,5,0,9,6,7,0,8,0,0,14,11,18,14,15,8,5,9,7,3,5,0,19,10
13,10,5,11,11,2,6,6,13,8,5,0,7,6,6,0,7,0,0,12,18,18,13,15,8,5,8,7,3,7,0,19,8
17,3,5,11,11,4,8,7,15,7,5,0,8,8,4,0,9,0,0,11,20,18,14,15,8,6,10,3,7,7,0,17,6
17,0,5,11,12,2,7,7,17,6,5,0,0,10,4,0,11,0,0,9,23,17,11,15,7,5,10,10,5,7,0,16,7
14,3,4,9,20,3,10,10,14,5,4,0,0,9,5,0,9,0,0,11,16,14,10,12,6,5,9,9,9,6,0,13,9
14,3,4,10,20,3,9,9,14,6,4,0,9,10,4,0,9,0,0,13,20,15,10,12,6,5,9,5,9,7,0,14,5
13,3,5,10,20,2,11,9,12,7,4,0,10,13,4,0,7,0,0,15,15,16,9,11,5,6,9,5,8,8,0,16,6
14,9,4,9,16,2,11,7,10,11,4,0,7,10,5,0,5,0,0,11,8,14,8,11,6,5,8,6,5,7,0,16,5
0,10,4,10,18,3,13,8,9,12,4,0,9,2,4,0,4,0,0,12,9,0,10,11,7,4,8,8,7,7,0,15,8
0,6,5,9,15,3,9,8,11,11,3,0,9,8,3,0,3,0,0,11,7,0,9,9,7,4,5,2,7,6,0,15,10
0,7,6,10,20,4,9,9,18,12,4,0,11,10,2,0,4,0,0,12,9,0,13,11,7,3,5,2,7,6,0,16,12
0,6,4,9,18,4,7,8,15,11,4,0,9,9,2,0,3,0,0,11,8,0,11,9,0,3,5,2,6,5,0,14,10
0,10,6,10,20,8,6,9,12,11,5,0,10,12,4,0,4,0,0,12,7,0,8,11,0,4,7,7,4,7,0,16,12
21,11,7,8,17,6,4,7,10,10,6,0,7,9,3,0,6,0,0,9,9,0,7,10,0,3,9,8,3,6,0,13,10
15,13,12,9,18,6,5,8,12,9,7,0,7,9,5,0,4,0,0,11,11,0,8,11,0,3,8,9,3,7,0,12,13
13,14,17,10,13,5,4,9,13,8,7,0,8,10,4,0,4,0,0,9,11,0,8,12,0,4,9,10,2,8,0,13,11
10,10,0,8,13,3,3,6,10,8,3,0,5,6,3,0,3,0,0,7,10,0,7,9,0,3,8,8,2,4,0,9,9
11,14,0,10,0,4,4,7,11,9,2,0,6,5,4,0,4,0,0,8,15,0,9,12,0,4,9,10,2,4,0,12,10
6,14,0,8,15,4,2,7,9,12,2,0,6,9,8,0,4,0,0,9,14,0,5,11,0,7,8,12,2,5,0,13,9
9,14,0,5,8,2,3,6,7,8,2,0,9,7,6,0,3,0,0,8,9,0,4,10,0,4,6,12,1,4,0,11,5
9,11,0,6,10,3,4,8,9,12,2,0,12,10,9,0,4,0,0,11,10,0,4,14,0,6,12,10,5,6,0,13,5
5,1,0,6,7,2,3,7,13,12,2,0,11,16,7,0,3,0,0,10,7,0,3,14,0,3,13,7,5,6,0,12,4
5,0,0,7,10,3,3,6,14,11,2,0,11,10,5,0,3,0,0,9,6,0,2,16,0,3,11,7,5,0,0,11,4
5,0,0,7,7,3,1,4,14,10,2,0,6,4,4,0,3,0,0,6,5,2,2,11,1,2,9,6,10,0,0,10,3
6,11,0,7,9,3,2,6,15,11,2,0,7,9,7,0,3,0,0,8,5,20,3,13,7,3,5,7,12,0,0,14,4
3,8,0,5,6,2,2,5,7,7,2,0,5,9,6,0,3,0,0,6,4,15,2,8,5,3,7,2,5,0,0,9,3
5,9,0,6,0,2,2,5,7,10,2,0,8,7,6,0,2,0,0,7,5,15,4,9,4,4,7,2,4,0,0,10,4
6,7,0,5,0,2,2,5,7,9,2,0,6,8,9,0,2,0,0,7,4,15,0,8,5,4,8,6,5,0,0,9,4
6,9,0,4,0,2,2,5,7,8,2,0,7,8,10,0,2,0,0,6,5,14,0,8,5,2,8,1,4,0,0,7,4
0,10,0,5,9,2,3,6,8,9,2,0,7,8,11,0,2,0,0,7,0,15,0,9,5,2,8,1,4,0,0,8,4
10,9,0,5,10,2,2,6,8,9,2,0,7,11,8,0,2,0,0,6,9,14,0,8,5,2,7,1,4,0,0,8,4
12,6,0,5,13,3,2,6,17,9,2,0,6,12,3,0,1,0,0,7,16,14,4,13,5,3,5,3,3,0,0,7,4
12,5,0,4,13,3,2,7,18,10,2,0,5,14,2,0,2,0,0,8,18,14,6,13,3,3,5,7,2,0,0,7,4
11,4,0,3,14,3,3,7,13,7,2,0,4,12,2,0,2,0,0,8,18,15,13,12,3,3,0,14,1,6,0,5,2
10,4,0,3,12,3,3,6,11,6,2,0,4,10,3,0,2,0,0,8,16,14,11,11,2,2,5,13,1,5,0,5,1
10,4,0,4,13,3,3,7,12,10,2,0,3,10,4,0,1,0,0,8,14,14,10,12,2,3,14,14,2,5,0,9,1
10,7,0,4,9,5,2,6,9,10,2,0,3,9,3,0,1,0,0,8,8,13,8,12,3,3,11,12,3,5,0,6,4
10,7,0,4,8,3,2,5,11,10,2,0,2,8,3,0,2,0,0,8,7,13,6,12,3,5,5,8,3,5,0,6,6
10,6,0,5,8,2,2,7,13,11,2,0,1,7,3,0,3,0,0,8,7,10,3,4,3,5,5,9,3,1,0,6,5
11,5,0,5,8,0,6,7,11,11,1,0,1,6,3,0,3,0,0,8,6,8,3,4,3,4,5,13,4,1,0,6,5
12,8,0,4,9,0,9,8,10,13,1,0,1,7,3,0,2,0,0,10,5,10,4,4,2,4,3,12,5,2,0,6,5
13,9,0,2,9,0,8,8,12,10,1,0,1,7,4,0,2,0,0,12,4,11,5,4,2,4,6,12,6,4,0,3,6
13,8,0,0,10,0,6,6,8,7,2,0,1,6,4,0,2,0,0,11,3,0,5,7,2,4,6,13,4,3,0,3,6
12,8,0,0,9,0,6,7,6,4,2,0,1,7,4,0,2,0,0,11,3,9,5,7,2,4,6,11,4,3,0,3,6
11,7,0,0,9,0,4,6,0,0,2,0,1,7,4,0,3,0,0,9,3,10,5,3,1,3,4,9,3,3,0,3,5
7,6,0,0,9,0,5,4,4,0,1,0,1,5,3,0,3,0,0,8,2,7,3,5,1,5,3,9,5,2,0,2,11
11,6,0,1,8,1,4,1,5,3,1,0,1,3,3,0,2,0,0,7,1,6,3,4,1,12,7,6,5,2,0,2,11
